Geography,Geographic Area Name,Estimate!!Total:,Margin of Error!!Total:,Estimate!!Total:!!English only,Margin of Error!!Total:!!English only,Estimate!!Total:!!Spanish:,Margin of Error!!Total:!!Spanish:,Estimate!!Total:!!Spanish:!!Limited English speaking household,Margin of Error!!Total:!!Spanish:!!Limited English speaking household,Estimate!!Total:!!Spanish:!!Not a limited English speaking household,Margin of Error!!Total:!!Spanish:!!Not a limited English speaking household,"Estimate!!Total:!!French, Haitian, or Cajun:","Margin of Error!!Total:!!French, Haitian, or Cajun:","Estimate!!Total:!!French, Haitian, or Cajun:!!Limited English speaking household","Margin of Error!!Total:!!French, Haitian, or Cajun:!!Limited English speaking household","Estimate!!Total:!!French, Haitian, or Cajun:!!Not a limited English speaking household","Margin of Error!!Total:!!French, Haitian, or Cajun:!!Not a limited English speaking household",Estimate!!Total:!!German or other West Germanic languages:,Margin of Error!!Total:!!German or other West Germanic languages:,Estimate!!Total:!!German or other West Germanic languages:!!Limited English speaking household,Margin of Error!!Total:!!German or other West Germanic languages:!!Limited English speaking household,Estimate!!Total:!!German or other West Germanic languages:!!Not a limited English speaking household,Margin of Error!!Total:!!German or other West Germanic languages:!!Not a limited English speaking household,"Estimate!!Total:!!Russian, Polish, or other Slavic languages:","Margin of Error!!Total:!!Russian, Polish, or other Slavic languages:","Estimate!!Total:!!Russian, Polish, or other Slavic languages:!!Limited English speaking household","Margin of Error!!Total:!!Russian, Polish, or other Slavic languages:!!Limited English speaking household","Estimate!!Total:!!Russian, Polish, or other Slavic languages:!!Not a limited English speaking household","Margin of Error!!Total:!!Russian, Polish, or other Slavic languages:!!Not a limited English speaking household",Estimate!!Total:!!Other Indo-European languages:,Margin of Error!!Total:!!Other Indo-European languages:,Estimate!!Total:!!Other Indo-European languages:!!Limited English speaking household,Margin of Error!!Total:!!Other Indo-European languages:!!Limited English speaking household,Estimate!!Total:!!Other Indo-European languages:!!Not a limited English speaking household,Margin of Error!!Total:!!Other Indo-European languages:!!Not a limited English speaking household,Estimate!!Total:!!Korean:,Margin of Error!!Total:!!Korean:,Estimate!!Total:!!Korean:!!Limited English speaking household,Margin of Error!!Total:!!Korean:!!Limited English speaking household,Estimate!!Total:!!Korean:!!Not a limited English speaking household,Margin of Error!!Total:!!Korean:!!Not a limited English speaking household,"Estimate!!Total:!!Chinese (incl. Mandarin, Cantonese):","Margin of Error!!Total:!!Chinese (incl. Mandarin, Cantonese):","Estimate!!Total:!!Chinese (incl. Mandarin, Cantonese):!!Limited English speaking household","Margin of Error!!Total:!!Chinese (incl. Mandarin, Cantonese):!!Limited English speaking household","Estimate!!Total:!!Chinese (incl. Mandarin, Cantonese):!!Not a limited English speaking household","Margin of Error!!Total:!!Chinese (incl. Mandarin, Cantonese):!!Not a limited English speaking household",Estimate!!Total:!!Vietnamese:,Margin of Error!!Total:!!Vietnamese:,Estimate!!Total:!!Vietnamese:!!Limited English speaking household,Margin of Error!!Total:!!Vietnamese:!!Limited English speaking household,Estimate!!Total:!!Vietnamese:!!Not a limited English speaking household,Margin of Error!!Total:!!Vietnamese:!!Not a limited English speaking household,Estimate!!Total:!!Tagalog (incl. Filipino):,Margin of Error!!Total:!!Tagalog (incl. Filipino):,Estimate!!Total:!!Tagalog (incl. Filipino):!!Limited English speaking household,Margin of Error!!Total:!!Tagalog (incl. Filipino):!!Limited English speaking household,Estimate!!Total:!!Tagalog (incl. Filipino):!!Not a limited English speaking household,Margin of Error!!Total:!!Tagalog (incl. Filipino):!!Not a limited English speaking household,Estimate!!Total:!!Other Asian and Pacific Island languages:,Margin of Error!!Total:!!Other Asian and Pacific Island languages:,Estimate!!Total:!!Other Asian and Pacific Island languages:!!Limited English speaking household,Margin of Error!!Total:!!Other Asian and Pacific Island languages:!!Limited English speaking household,Estimate!!Total:!!Other Asian and Pacific Island languages:!!Not a limited English speaking household,Margin of Error!!Total:!!Other Asian and Pacific Island languages:!!Not a limited English speaking household,Estimate!!Total:!!Arabic:,Margin of Error!!Total:!!Arabic:,Estimate!!Total:!!Arabic:!!Limited English speaking household,Margin of Error!!Total:!!Arabic:!!Limited English speaking household,Estimate!!Total:!!Arabic:!!Not a limited English speaking household,Margin of Error!!Total:!!Arabic:!!Not a limited English speaking household,Estimate!!Total:!!Other and unspecified languages:,Margin of Error!!Total:!!Other and unspecified languages:,Estimate!!Total:!!Other and unspecified languages:!!Limited English speaking household,Margin of Error!!Total:!!Other and unspecified languages:!!Limited English speaking household,Estimate!!Total:!!Other and unspecified languages:!!Not a limited English speaking household,Margin of Error!!Total:!!Other and unspecified languages:!!Not a limited English speaking household
0400000US48,Texas,10490553,15608,6607525,15164,3061870,9837,607599,7711,2454271,12168,53771,2227,5711,810,48060,2155,47297,1791,2191,383,45106,1740,32371,1633,3615,485,28756,1629,180996,3480,17518,1154,163478,3173,33905,1682,8492,725,25413,1443,85354,2709,21630,1293,63724,2538,87802,2363,26121,1572,61681,2107,44587,1991,3105,478,41482,1889,118292,2740,16785,1244,101507,2662,43467,2278,6218,874,37249,2206,93316,3091,10223,980,83093,3144
0500000US48001,"Anderson County, Texas",16899,459,15159,560,1392,271,135,70,1257,240,3,6,0,35,3,6,23,30,0,35,23,30,11,17,0,35,11,17,55,77,0,35,55,77,4,6,0,35,4,6,0,35,0,35,0,35,63,51,63,51,0,35,15,20,0,35,15,20,39,34,10,20,29,31,0,35,0,35,0,35,135,84,13,26,122,81
0500000US48003,"Andrews County, Texas",6603,171,3519,233,2945,229,590,213,2355,269,5,30,0,23,5,30,13,20,0,23,13,20,0,23,0,23,0,23,0,23,0,23,0,23,14,23,0,23,14,23,0,23,0,23,0,23,0,23,0,23,0,23,0,23,0,23,0,23,34,61,0,23,34,61,0,23,0,23,0,23,73,102,0,23,73,102
0500000US48005,"Angelina County, Texas",31583,510,26215,586,4752,390,675,224,4077,357,52,54,15,26,37,48,20,26,0,35,20,26,0,35,0,35,0,35,103,71,0,35,103,71,11,16,0,35,11,16,22,26,0,35,22,26,35,30,24,26,11,18,138,70,0,35,138,70,50,42,0,35,50,42,57,89,0,35,57,89,128,99,0,35,128,99
0500000US48007,"Aransas County, Texas",11412,504,8551,579,2412,427,316,214,2096,385,22,40,0,28,22,40,142,95,0,28,142,95,0,28,0,28,0,28,9,14,0,28,9,14,0,28,0,28,0,28,0,28,0,28,0,28,172,175,58,99,114,162,0,28,0,28,0,28,101,146,0,28,101,146,0,28,0,28,0,28,3,5,0,28,3,5
0500000US48009,"Archer County, Texas",3367,121,3134,125,182,65,62,34,120,57,15,18,0,21,15,18,30,31,0,21,30,31,0,21,0,21,0,21,3,4,0,21,3,4,0,21,0,21,0,21,3,5,3,5,0,21,0,21,0,21,0,21,0,21,0,21,0,21,0,21,0,21,0,21,0,21,0,21,0,21,0,21,0,21,0,21
0500000US48011,"Armstrong County, Texas",725,69,666,64,55,26,0,15,55,26,0,15,0,15,0,15,0,15,0,15,0,15,0,15,0,15,0,15,0,15,0,15,0,15,2,3,0,15,2,3,0,15,0,15,0,15,0,15,0,15,0,15,0,15,0,15,0,15,0,15,0,15,0,15,0,15,0,15,0,15,2,3,0,15,2,3
0500000US48013,"Atascosa County, Texas",15920,452,8585,454,7099,464,1237,382,5862,516,9,15,0,31,9,15,108,82,0,31,108,82,16,26,0,31,16,26,43,47,0,31,43,47,0,31,0,31,0,31,0,31,0,31,0,31,0,31,0,31,0,31,21,29,0,31,21,29,0,31,0,31,0,31,39,51,0,31,39,51,0,31,0,31,0,31
0500000US48015,"Austin County, Texas",11913,331,8731,406,2565,326,132,101,2433,336,72,55,0,31,72,55,232,103,27,47,205,98,131,117,3,6,128,118,100,99,0,31,100,99,0,31,0,31,0,31,0,31,0,31,0,31,43,64,0,31,43,64,0,31,0,31,0,31,35,35,0,31,35,35,1,4,0,31,1,4,3,6,0,31,3,6
0500000US48017,"Bailey County, Texas",1933,229,922,129,968,227,239,128,729,219,0,21,0,21,0,21,26,35,0,21,26,35,0,21,0,21,0,21,4,7,0,21,4,7,0,21,0,21,0,21,0,21,0,21,0,21,13,16,0,21,13,16,0,21,0,21,0,21,0,21,0,21,0,21,0,21,0,21,0,21,0,21,0,21,0,21
0500000US48019,"Bandera County, Texas",8532,301,7022,351,1289,196,115,107,1174,188,10,18,0,28,10,18,134,66,45,47,89,50,10,16,0,28,10,16,14,15,0,28,14,15,0,28,0,28,0,28,7,10,0,28,7,10,22,38,0,28,22,38,14,24,0,28,14,24,10,16,0,28,10,16,0,28,0,28,0,28,0,28,0,28,0,28
0500000US48021,"Bastrop County, Texas",33259,671,23506,713,8798,617,1032,315,7766,693,22,37,0,35,22,37,438,165,29,38,409,161,32,37,0,35,32,37,100,80,0,35,100,80,30,40,5,10,25,39,56,59,0,35,56,59,37,41,0,35,37,41,5,10,0,35,5,10,124,128,66,110,58,59,0,35,0,35,0,35,111,102,0,35,111,102
0500000US48023,"Baylor County, Texas",1477,97,1290,116,139,64,8,16,131,67,0,15,0,15,0,15,24,29,0,15,24,29,0,15,0,15,0,15,0,15,0,15,0,15,0,15,0,15,0,15,0,15,0,15,0,15,0,15,0,15,0,15,0,15,0,15,0,15,24,35,0,15,24,35,0,15,0,15,0,15,0,15,0,15,0,15
0500000US48025,"Bee County, Texas",8563,288,4282,389,4147,358,382,151,3765,380,18,28,18,28,0,31,47,50,0,31,47,50,13,22,0,31,13,22,32,21,0,31,32,21,3,5,0,31,3,5,0,31,0,31,0,31,0,31,0,31,0,31,15,16,7,12,8,10,0,31,0,31,0,31,4,7,0,31,4,7,2,4,0,31,2,4
0500000US48027,"Bell County, Texas",134495,1042,100977,1416,23319,980,2744,409,20575,959,983,403,46,47,937,400,1836,330,19,22,1817,326,397,161,0,35,397,161,915,264,119,125,796,217,1826,374,321,139,1505,351,328,151,109,93,219,110,330,141,67,58,263,125,732,215,7,13,725,211,1472,357,62,38,1410,357,319,136,9,16,310,136,1061,286,72,86,989,281
0500000US48029,"Bexar County, Texas",730119,2597,386598,4110,306817,3520,41741,1725,265076,3435,1981,392,265,134,1716,375,3108,452,137,86,2971,449,2140,539,245,128,1895,500,7395,976,777,189,6618,928,1689,286,251,125,1438,257,2934,456,699,193,2235,451,2588,425,817,237,1771,392,4159,584,468,256,3691,540,5935,624,1129,304,4806,514,2735,555,572,238,2163,448,2040,441,247,133,1793,405
0500000US48031,"Blanco County, Texas",4836,230,4260,241,431,107,71,57,360,108,0,23,0,23,0,23,25,28,0,23,25,28,31,28,0,23,31,28,10,18,0,23,10,18,0,23,0,23,0,23,4,7,4,7,0,23,0,23,0,23,0,23,0,23,0,23,0,23,75,68,0,23,75,68,0,23,0,23,0,23,0,23,0,23,0,23
0500000US48033,"Borden County, Texas",215,39,202,38,10,11,0,15,10,11,0,15,0,15,0,15,0,15,0,15,0,15,0,15,0,15,0,15,3,4,0,15,3,4,0,15,0,15,0,15,0,15,0,15,0,15,0,15,0,15,0,15,0,15,0,15,0,15,0,15,0,15,0,15,0,15,0,15,0,15,0,15,0,15,0,15
0500000US48035,"Bosque County, Texas",7277,219,6036,211,1128,156,92,46,1036,150,0,23,0,23,0,23,37,24,1,3,36,24,0,23,0,23,0,23,18,28,0,23,18,28,0,23,0,23,0,23,10,15,0,23,10,15,3,6,3,6,0,23,4,5,0,23,4,5,34,30,13,20,21,19,0,23,0,23,0,23,7,11,0,23,7,11
0500000US48037,"Bowie County, Texas",34486,459,32312,530,1424,217,279,134,1145,214,31,35,0,35,31,35,92,56,3,4,89,57,81,76,45,55,36,51,213,184,12,19,201,181,29,33,0,35,29,33,112,67,35,43,77,65,53,34,0,35,53,34,67,55,0,35,67,55,40,41,19,27,21,33,9,16,0,35,9,16,23,24,0,35,23,24
0500000US48039,"Brazoria County, Texas",127264,1090,88335,1389,28510,971,3238,542,25272,1000,506,268,0,35,506,268,373,157,29,32,344,153,249,141,0,35,249,141,1322,351,48,36,1274,347,407,165,71,60,336,150,1198,341,296,215,902,268,1891,427,514,230,1377,365,1677,424,78,89,1599,414,1460,274,420,156,1040,245,406,188,14,37,392,180,930,591,12,24,918,590
0500000US48041,"Brazos County, Texas",86289,1012,64121,1367,14295,761,2246,369,12049,713,331,152,21,28,310,151,330,122,0,35,330,122,322,154,0,35,322,154,1670,307,203,117,1467,314,739,209,276,151,463,184,1684,326,462,151,1222,280,213,108,18,28,195,102,200,128,0,35,200,128,1411,329,209,162,1202,311,550,181,136,102,414,150,423,166,48,56,375,159
0500000US48043,"Brewster County, Texas",4958,221,2999,266,1846,277,389,191,1457,285,27,32,0,21,27,32,23,28,0,21,23,28,0,21,0,21,0,21,0,21,0,21,0,21,0,21,0,21,0,21,0,21,0,21,0,21,0,21,0,21,0,21,29,48,0,21,29,48,0,21,0,21,0,21,0,21,0,21,0,21,34,54,0,21,34,54
0500000US48045,"Briscoe County, Texas",581,74,458,74,123,47,6,9,117,45,0,15,0,15,0,15,0,15,0,15,0,15,0,15,0,15,0,15,0,15,0,15,0,15,0,15,0,15,0,15,0,15,0,15,0,15,0,15,0,15,0,15,0,15,0,15,0,15,0,15,0,15,0,15,0,15,0,15,0,15,0,15,0,15,0,15
0500000US48047,"Brooks County, Texas",2652,259,388,152,2264,256,229,141,2035,289,0,21,0,21,0,21,0,21,0,21,0,21,0,21,0,21,0,21,0,21,0,21,0,21,0,21,0,21,0,21,0,21,0,21,0,21,0,21,0,21,0,21,0,21,0,21,0,21,0,21,0,21,0,21,0,21,0,21,0,21,0,21,0,21,0,21
0500000US48049,"Brown County, Texas",14977,386,11774,370,3006,322,285,125,2721,322,34,27,5,9,29,29,87,64,0,31,87,64,0,31,0,31,0,31,22,26,0,31,22,26,0,31,0,31,0,31,12,17,0,31,12,17,0,31,0,31,0,31,6,11,0,31,6,11,20,22,17,23,3,4,9,14,0,31,9,14,7,11,0,31,7,11
0500000US48051,"Burleson County, Texas",7586,243,6309,268,1199,197,222,134,977,179,0,23,0,23,0,23,4,7,0,23,4,7,38,28,0,23,38,28,0,23,0,23,0,23,0,23,0,23,0,23,0,23,0,23,0,23,7,10,7,10,0,23,17,26,0,23,17,26,12,24,0,23,12,24,0,23,0,23,0,23,0,23,0,23,0,23
0500000US48053,"Burnet County, Texas",18629,549,15823,504,2592,389,160,86,2432,391,12,17,0,31,12,17,55,36,0,31,55,36,0,31,0,31,0,31,69,54,0,31,69,54,0,31,0,31,0,31,0,31,0,31,0,31,0,31,0,31,0,31,13,20,0,31,13,20,41,44,0,31,41,44,0,31,0,31,0,31,24,28,0,31,24,28
0500000US48055,"Caldwell County, Texas",15087,302,9061,377,5838,353,1044,291,4794,410,11,14,0,31,11,14,19,23,0,31,19,23,16,20,0,31,16,20,9,16,0,31,9,16,0,31,0,31,0,31,0,31,0,31,0,31,0,31,0,31,0,31,0,31,0,31,0,31,97,83,0,31,97,83,26,30,0,31,26,30,10,17,0,31,10,17
0500000US48057,"Calhoun County, Texas",8045,377,5453,394,2267,280,273,123,1994,283,0,28,0,28,0,28,11,18,0,28,11,18,11,12,0,28,11,12,0,28,0,28,0,28,4,8,0,28,4,8,142,51,59,35,83,42,43,43,37,43,6,9,9,16,0,28,9,16,75,42,21,25,54,31,0,28,0,28,0,28,30,44,0,28,30,44
0500000US48059,"Callahan County, Texas",5270,205,4608,213,533,141,11,13,522,142,17,26,0,23,17,26,60,46,10,15,50,44,0,23,0,23,0,23,32,49,0,23,32,49,0,23,0,23,0,23,20,27,0,23,20,27,0,23,0,23,0,23,0,23,0,23,0,23,0,23,0,23,0,23,0,23,0,23,0,23,0,23,0,23,0,23
0500000US48061,"Cameron County, Texas",132538,978,28578,1084,102458,1309,20287,1203,82171,1637,197,106,22,34,175,96,100,57,9,13,91,53,67,48,16,25,51,39,274,120,24,32,250,115,13,23,13,23,0,35,82,52,24,29,58,42,195,113,53,60,142,86,304,107,12,20,292,108,91,54,29,34,62,47,138,154,0,35,138,154,41,46,0,35,41,46
0500000US48063,"Camp County, Texas",4443,268,3886,284,469,107,67,60,402,102,23,31,0,23,23,31,0,23,0,23,0,23,0,23,0,23,0,23,18,26,0,23,18,26,0,23,0,23,0,23,0,23,0,23,0,23,11,18,0,23,11,18,1,8,0,23,1,8,0,23,0,23,0,23,35,52,0,23,35,52,0,23,0,23,0,23
0500000US48065,"Carson County, Texas",2260,95,2144,111,111,61,0,21,111,61,0,21,0,21,0,21,3,6,0,21,3,6,2,4,0,21,2,4,0,21,0,21,0,21,0,21,0,21,0,21,0,21,0,21,0,21,0,21,0,21,0,21,0,21,0,21,0,21,0,21,0,21,0,21,0,21,0,21,0,21,0,21,0,21,0,21
0500000US48067,"Cass County, Texas",11530,319,10966,352,245,75,12,18,233,78,0,28,0,28,0,28,81,73,0,28,81,73,0,28,0,28,0,28,30,34,0,28,30,34,0,28,0,28,0,28,114,87,92,82,22,32,48,73,1,3,47,73,24,37,0,28,24,37,12,16,0,28,12,16,10,12,0,28,10,12,0,28,0,28,0,28
0500000US48069,"Castro County, Texas",2384,155,1069,119,1269,130,141,67,1128,145,0,21,0,21,0,21,0,21,0,21,0,21,0,21,0,21,0,21,0,21,0,21,0,21,0,21,0,21,0,21,0,21,0,21,0,21,0,21,0,21,0,21,46,48,31,48,15,18,0,21,0,21,0,21,0,21,0,21,0,21,0,21,0,21,0,21
0500000US48071,"Chambers County, Texas",15744,439,12088,477,3202,404,198,143,3004,443,99,86,0,31,99,86,0,31,0,31,0,31,28,44,0,31,28,44,26,44,0,31,26,44,0,31,0,31,0,31,0,31,0,31,0,31,39,56,0,31,39,56,83,93,0,31,83,93,107,92,52,71,55,84,6,9,0,31,6,9,66,120,0,31,66,120
0500000US48073,"Cherokee County, Texas",18069,429,14741,464,3180,306,712,181,2468,283,0,35,0,35,0,35,0,35,0,35,0,35,0,35,0,35,0,35,8,14,0,35,8,14,0,35,0,35,0,35,0,35,0,35,0,35,26,39,12,16,14,36,87,60,24,34,63,55,22,26,7,12,15,24,0,35,0,35,0,35,5,11,0,35,5,11
0500000US48075,"Childress County, Texas",1892,229,1454,220,438,151,57,79,381,131,0,21,0,21,0,21,0,21,0,21,0,21,0,21,0,21,0,21,0,21,0,21,0,21,0,21,0,21,0,21,0,21,0,21,0,21,0,21,0,21,0,21,0,21,0,21,0,21,0,21,0,21,0,21,0,21,0,21,0,21,0,21,0,21,0,21
0500000US48077,"Clay County, Texas",4204,166,3983,158,161,53,0,23,161,53,3,5,0,23,3,5,16,19,0,23,16,19,0,23,0,23,0,23,0,23,0,23,0,23,0,23,0,23,0,23,7,12,0,23,7,12,0,23,0,23,0,23,22,21,0,23,22,21,4,6,0,23,4,6,0,23,0,23,0,23,8,12,0,23,8,12
0500000US48079,"Cochran County, Texas",959,59,450,45,489,44,98,34,391,50,0,15,0,15,0,15,19,22,19,22,0,15,0,15,0,15,0,15,0,15,0,15,0,15,0,15,0,15,0,15,0,15,0,15,0,15,0,15,0,15,0,15,0,15,0,15,0,15,0,15,0,15,0,15,0,15,0,15,0,15,1,5,0,15,1,5
0500000US48081,"Coke County, Texas",1487,93,1252,94,223,59,44,41,179,65,0,15,0,15,0,15,0,15,0,15,0,15,0,15,0,15,0,15,0,15,0,15,0,15,0,15,0,15,0,15,0,15,0,15,0,15,0,15,0,15,0,15,0,15,0,15,0,15,12,15,0,15,12,15,0,15,0,15,0,15,0,15,0,15,0,15
0500000US48083,"Coleman County, Texas",3210,206,2677,200,497,127,16,26,481,125,4,6,4,6,0,21,3,7,0,21,3,7,0,21,0,21,0,21,0,21,0,21,0,21,0,21,0,21,0,21,7,12,0,21,7,12,0,21,0,21,0,21,22,28,0,21,22,28,0,21,0,21,0,21,0,21,0,21,0,21,0,21,0,21,0,21
0500000US48085,"Collin County, Texas",383675,1391,258072,2209,46282,1453,6247,712,40035,1638,2500,480,305,163,2195,459,1803,439,25,43,1778,437,3173,469,494,182,2679,460,24334,1367,1976,404,22358,1288,3211,508,761,239,2450,495,11107,809,2626,379,8481,766,4245,571,1000,305,3245,485,2784,754,129,75,2655,733,16485,1009,2103,539,14382,909,3242,576,170,143,3072,561,6437,715,635,334,5802,608
0500000US48087,"Collingsworth County, Texas",1018,117,824,108,147,61,57,41,90,51,0,15,0,15,0,15,45,28,0,15,45,28,0,15,0,15,0,15,2,4,0,15,2,4,0,15,0,15,0,15,0,15,0,15,0,15,0,15,0,15,0,15,0,15,0,15,0,15,0,15,0,15,0,15,0,15,0,15,0,15,0,15,0,15,0,15
0500000US48089,"Colorado County, Texas",7376,293,5578,279,1665,229,164,105,1501,214,0,28,0,28,0,28,47,37,13,22,34,28,13,20,0,28,13,20,8,16,0,28,8,16,0,28,0,28,0,28,0,28,0,28,0,28,29,47,0,28,29,47,0,28,0,28,0,28,0,28,0,28,0,28,0,28,0,28,0,28,36,51,0,28,36,51
0500000US48091,"Comal County, Texas",63957,737,50059,969,11794,828,1106,329,10688,847,216,171,0,35,216,171,702,266,0,35,702,266,80,57,0,35,80,57,304,136,29,43,275,123,153,120,0,35,153,120,16,22,3,5,13,22,10,22,0,35,10,22,207,114,0,35,207,114,253,106,48,60,205,102,49,51,0,35,49,51,114,91,0,35,114,91
0500000US48093,"Comanche County, Texas",5340,221,4166,182,1077,152,124,61,953,152,0,23,0,23,0,23,65,50,1,4,64,50,2,4,0,23,2,4,0,23,0,23,0,23,8,14,0,23,8,14,0,23,0,23,0,23,0,23,0,23,0,23,0,23,0,23,0,23,13,14,0,23,13,14,8,11,0,23,8,11,1,2,0,23,1,2
0500000US48095,"Concho County, Texas",816,74,564,69,241,73,41,39,200,68,0,15,0,15,0,15,3,6,3,6,0,15,0,15,0,15,0,15,0,15,0,15,0,15,0,15,0,15,0,15,0,15,0,15,0,15,0,15,0,15,0,15,1,3,0,15,1,3,5,7,0,15,5,7,0,15,0,15,0,15,2,5,0,15,2,5
0500000US48097,"Cooke County, Texas",16196,302,14176,384,1801,222,468,221,1333,239,3,4,0,31,3,4,40,43,2,5,38,43,21,19,0,31,21,19,87,86,10,20,77,85,0,31,0,31,0,31,6,13,0,31,6,13,0,31,0,31,0,31,44,47,7,15,37,47,16,25,0,31,16,25,2,4,0,31,2,4,0,31,0,31,0,31
0500000US48099,"Coryell County, Texas",25156,444,20436,548,2999,347,366,132,2633,325,40,35,3,6,37,32,638,161,15,26,623,164,63,39,11,21,52,36,214,97,0,35,214,97,181,96,3,5,178,95,51,40,8,12,43,37,21,23,7,12,14,19,195,102,18,27,177,98,282,116,68,74,214,93,7,12,0,35,7,12,29,30,11,17,18,25
0500000US48101,"Cottle County, Texas",692,137,594,130,96,49,2,3,94,49,0,15,0,15,0,15,2,6,0,15,2,6,0,15,0,15,0,15,0,15,0,15,0,15,0,15,0,15,0,15,0,15,0,15,0,15,0,15,0,15,0,15,0,15,0,15,0,15,0,15,0,15,0,15,0,15,0,15,0,15,0,15,0,15,0,15
0500000US48103,"Crane County, Texas",1670,85,728,130,897,139,208,177,689,154,0,15,0,15,0,15,0,15,0,15,0,15,0,15,0,15,0,15,13,26,0,15,13,26,0,15,0,15,0,15,0,15,0,15,0,15,0,15,0,15,0,15,19,19,0,15,19,19,13,16,0,15,13,16,0,15,0,15,0,15,0,15,0,15,0,15
0500000US48105,"Crockett County, Texas",1289,155,563,128,726,166,0,15,726,166,0,15,0,15,0,15,0,15,0,15,0,15,0,15,0,15,0,15,0,15,0,15,0,15,0,15,0,15,0,15,0,15,0,15,0,15,0,15,0,15,0,15,0,15,0,15,0,15,0,15,0,15,0,15,0,15,0,15,0,15,0,15,0,15,0,15
0500000US48107,"Crosby County, Texas",1994,88,1122,103,836,80,76,37,760,83,0,21,0,21,0,21,6,9,0,21,6,9,0,21,0,21,0,21,3,5,0,21,3,5,0,21,0,21,0,21,2,7,0,21,2,7,6,10,6,10,0,21,0,21,0,21,0,21,19,25,19,25,0,21,0,21,0,21,0,21,0,21,0,21,0,21
0500000US48109,"Culberson County, Texas",629,230,162,95,459,181,149,104,310,137,0,15,0,15,0,15,0,15,0,15,0,15,0,15,0,15,0,15,0,15,0,15,0,15,0,15,0,15,0,15,0,15,0,15,0,15,0,15,0,15,0,15,8,13,0,15,8,13,0,15,0,15,0,15,0,15,0,15,0,15,0,15,0,15,0,15
0500000US48111,"Dallam County, Texas",2333,199,1564,181,666,144,190,107,476,152,0,21,0,21,0,21,103,85,2,4,101,86,0,21,0,21,0,21,0,21,0,21,0,21,0,21,0,21,0,21,0,21,0,21,0,21,0,21,0,21,0,21,0,21,0,21,0,21,0,21,0,21,0,21,0,21,0,21,0,21,0,21,0,21,0,21
0500000US48113,"Dallas County, Texas",959184,2410,577352,3582,282630,2672,67730,2186,214900,3168,6842,826,931,336,5911,748,2492,411,125,101,2367,376,2689,390,490,162,2199,349,22479,1078,2144,401,20335,1011,3774,584,1181,287,2593,508,7641,777,1869,336,5772,696,10127,755,3020,565,7107,653,3700,517,179,78,3521,518,16512,924,2666,424,13846,835,3971,585,454,153,3517,577,18975,1207,2994,552,15981,1192
0500000US48115,"Dawson County, Texas",4133,188,2023,182,2048,200,258,95,1790,204,0,23,0,23,0,23,57,40,19,18,38,35,0,23,0,23,0,23,0,23,0,23,0,23,0,23,0,23,0,23,0,23,0,23,0,23,0,23,0,23,0,23,0,23,0,23,0,23,0,23,0,23,0,23,5,12,0,23,5,12,0,23,0,23,0,23
0500000US48117,"Deaf Smith County, Texas",6022,201,2396,223,3594,233,640,194,2954,271,0,23,0,23,0,23,10,14,0,23,10,14,0,23,0,23,0,23,0,23,0,23,0,23,4,10,4,10,0,23,0,23,0,23,0,23,9,23,0,23,9,23,0,23,0,23,0,23,0,23,0,23,0,23,0,23,0,23,0,23,9,15,0,23,9,15
0500000US48119,"Delta County, Texas",2106,118,2043,122,46,34,9,13,37,32,0,21,0,21,0,21,7,12,0,21,7,12,0,21,0,21,0,21,0,21,0,21,0,21,0,21,0,21,0,21,0,21,0,21,0,21,0,21,0,21,0,21,4,9,0,21,4,9,6,10,0,21,6,10,0,21,0,21,0,21,0,21,0,21,0,21
0500000US48121,"Denton County, Texas",334504,1296,247965,1829,46100,1274,6604,932,39496,1343,1634,343,63,53,1571,340,1558,348,38,46,1520,342,1766,359,274,157,1492,343,9733,716,679,226,9054,692,4240,495,1421,305,2819,399,3263,522,645,208,2618,482,2512,352,598,174,1914,329,1166,288,104,82,1062,264,9319,797,937,262,8382,773,1612,446,174,118,1438,450,3636,502,19,35,3617,490
0500000US48123,"DeWitt County, Texas",6586,246,5311,288,1178,193,95,70,1083,196,5,6,0,23,5,6,26,23,0,23,26,23,36,34,0,23,36,34,23,31,0,23,23,31,0,23,0,23,0,23,0,23,0,23,0,23,7,12,0,23,7,12,0,23,0,23,0,23,0,23,0,23,0,23,0,23,0,23,0,23,0,23,0,23,0,23
0500000US48125,"Dickens County, Texas",638,69,537,64,98,37,7,11,91,37,0,15,0,15,0,15,0,15,0,15,0,15,0,15,0,15,0,15,3,6,0,15,3,6,0,15,0,15,0,15,0,15,0,15,0,15,0,15,0,15,0,15,0,15,0,15,0,15,0,15,0,15,0,15,0,15,0,15,0,15,0,15,0,15,0,15
0500000US48127,"Dimmit County, Texas",2808,248,401,135,2364,244,340,162,2024,249,0,21,0,21,0,21,0,21,0,21,0,21,0,21,0,21,0,21,4,8,4,8,0,21,0,21,0,21,0,21,0,21,0,21,0,21,3,5,0,21,3,5,9,12,0,21,9,12,0,21,0,21,0,21,0,21,0,21,0,21,27,31,0,21,27,31
0500000US48129,"Donley County, Texas",1198,100,1129,106,52,37,32,39,20,16,4,6,0,15,4,6,0,15,0,15,0,15,0,15,0,15,0,15,0,15,0,15,0,15,0,15,0,15,0,15,0,15,0,15,0,15,0,15,0,15,0,15,0,15,0,15,0,15,13,16,0,15,13,16,0,15,0,15,0,15,0,15,0,15,0,15
0500000US48131,"Duval County, Texas",2892,185,599,187,2254,191,148,95,2106,213,0,21,0,21,0,21,39,59,0,21,39,59,0,21,0,21,0,21,0,21,0,21,0,21,0,21,0,21,0,21,0,21,0,21,0,21,0,21,0,21,0,21,0,21,0,21,0,21,0,21,0,21,0,21,0,21,0,21,0,21,0,21,0,21,0,21
0500000US48133,"Eastland County, Texas",7083,326,5994,312,961,198,69,58,892,206,16,26,0,23,16,26,12,14,0,23,12,14,16,23,0,23,16,23,6,10,0,23,6,10,3,5,3,5,0,23,11,16,0,23,11,16,62,83,0,23,62,83,0,23,0,23,0,23,1,3,1,3,0,23,0,23,0,23,0,23,1,2,0,23,1,2
0500000US48135,"Ector County, Texas",60676,631,27228,1192,31537,1146,5278,761,26259,1198,18,43,0,35,18,43,287,196,0,35,287,196,99,89,0,35,99,89,133,76,13,21,120,73,13,25,0,35,13,25,45,49,1,3,44,49,101,64,15,28,86,59,446,298,52,77,394,289,145,102,36,48,109,100,89,91,0,35,89,91,535,298,0,35,535,298
0500000US48137,"Edwards County, Texas",526,113,292,94,234,81,59,41,175,77,0,15,0,15,0,15,0,15,0,15,0,15,0,15,0,15,0,15,0,15,0,15,0,15,0,15,0,15,0,15,0,15,0,15,0,15,0,15,0,15,0,15,0,15,0,15,0,15,0,15,0,15,0,15,0,15,0,15,0,15,0,15,0,15,0,15
0500000US48139,"Ellis County, Texas",65686,546,51505,818,12762,675,1441,339,11321,680,246,167,0,35,246,167,139,90,0,35,139,90,136,73,0,35,136,73,178,81,9,15,169,77,7,13,0,35,7,13,30,34,14,24,16,24,39,43,0,35,39,43,143,73,0,35,143,73,181,85,58,59,123,65,102,67,29,25,73,65,218,169,0,35,218,169
0500000US48141,"El Paso County, Texas",292580,1366,67202,1830,217218,2016,56929,1781,160289,2522,1082,331,131,135,951,317,1530,383,111,84,1419,382,231,124,0,35,231,124,772,197,129,86,643,170,850,227,155,90,695,226,504,145,171,86,333,126,402,144,171,121,231,91,750,218,57,78,693,199,1104,263,192,121,912,261,269,130,0,35,269,130,666,284,163,211,503,174
0500000US48143,"Erath County, Texas",16007,418,13562,462,2046,321,470,194,1576,308,4,6,0,31,4,6,140,82,0,31,140,82,31,50,0,31,31,50,98,73,0,31,98,73,18,28,0,31,18,28,30,35,0,31,30,35,0,31,0,31,0,31,33,33,8,13,25,31,24,42,24,42,0,31,21,34,0,31,21,34,0,31,0,31,0,31
0500000US48145,"Falls County, Texas",5499,257,4808,273,600,127,125,82,475,113,0,23,0,23,0,23,32,37,3,6,29,37,10,9,0,23,10,9,16,19,0,23,16,19,0,23,0,23,0,23,0,23,0,23,0,23,0,23,0,23,0,23,0,23,0,23,0,23,0,23,0,23,0,23,0,23,0,23,0,23,33,33,0,23,33,33
0500000US48147,"Fannin County, Texas",12699,308,11447,359,1044,192,151,136,893,131,3,9,3,9,0,31,72,39,0,31,72,39,4,5,0,31,4,5,44,33,15,25,29,21,0,31,0,31,0,31,11,17,0,31,11,17,0,31,0,31,0,31,4,6,0,31,4,6,37,35,0,31,37,35,0,31,0,31,0,31,33,42,0,31,33,42
0500000US48149,"Fayette County, Texas",9310,372,7823,339,1189,163,32,31,1157,164,117,116,0,28,117,116,62,39,0,28,62,39,63,31,3,5,60,31,17,14,0,28,17,14,5,9,0,28,5,9,0,28,0,28,0,28,0,28,0,28,0,28,7,11,0,28,7,11,27,36,0,28,27,36,0,28,0,28,0,28,0,28,0,28,0,28
0500000US48151,"Fisher County, Texas",1514,118,1148,98,350,82,49,39,301,73,0,15,0,15,0,15,12,17,0,15,12,17,0,15,0,15,0,15,0,15,0,15,0,15,0,15,0,15,0,15,0,15,0,15,0,15,0,15,0,15,0,15,0,15,0,15,0,15,4,7,4,7,0,15,0,15,0,15,0,15,0,15,0,15,0,15
0500000US48153,"Floyd County, Texas",1938,127,1131,127,802,106,142,67,660,96,0,21,0,21,0,21,0,21,0,21,0,21,0,21,0,21,0,21,5,7,0,21,5,7,0,21,0,21,0,21,0,21,0,21,0,21,0,21,0,21,0,21,0,21,0,21,0,21,0,21,0,21,0,21,0,21,0,21,0,21,0,21,0,21,0,21
0500000US48155,"Foard County, Texas",462,74,422,68,39,37,17,31,22,21,0,15,0,15,0,15,0,15,0,15,0,15,0,15,0,15,0,15,0,15,0,15,0,15,0,15,0,15,0,15,0,15,0,15,0,15,0,15,0,15,0,15,0,15,0,15,0,15,1,2,0,15,1,2,0,15,0,15,0,15,0,15,0,15,0,15
0500000US48157,"Fort Bend County, Texas",270136,1304,147565,2595,51907,1515,7543,975,44364,1662,2107,678,31,37,2076,674,1076,529,33,36,1043,527,1597,449,174,105,1423,424,20254,1316,1267,266,18987,1270,1123,371,112,92,1011,363,11170,1057,3270,531,7900,860,7522,1063,1700,434,5822,920,4272,895,419,207,3853,847,9618,883,1079,414,8539,797,3598,803,486,348,3112,731,8327,1361,95,96,8232,1362
0500000US48159,"Franklin County, Texas",3782,184,3220,191,476,73,105,79,371,95,42,53,0,23,42,53,21,28,0,23,21,28,7,11,0,23,7,11,6,11,0,23,6,11,10,16,0,23,10,16,0,23,0,23,0,23,0,23,0,23,0,23,0,23,0,23,0,23,0,23,0,23,0,23,0,23,0,23,0,23,0,23,0,23,0,23
0500000US48161,"Freestone County, Texas",6701,259,6046,256,604,143,54,57,550,150,0,23,0,23,0,23,0,23,0,23,0,23,2,3,0,23,2,3,38,41,0,23,38,41,0,23,0,23,0,23,0,23,0,23,0,23,0,23,0,23,0,23,11,15,0,23,11,15,0,23,0,23,0,23,0,23,0,23,0,23,0,23,0,23,0,23
0500000US48163,"Frio County, Texas",4709,416,1529,310,3163,372,673,283,2490,369,0,23,0,23,0,23,0,23,0,23,0,23,0,23,0,23,0,23,0,23,0,23,0,23,0,23,0,23,0,23,17,36,0,23,17,36,0,23,0,23,0,23,0,23,0,23,0,23,0,23,0,23,0,23,0,23,0,23,0,23,0,23,0,23,0,23
0500000US48165,"Gaines County, Texas",6909,204,2653,368,2491,311,560,212,1931,345,0,28,0,28,0,28,1659,290,470,193,1189,239,0,28,0,28,0,28,52,66,0,28,52,66,0,28,0,28,0,28,0,28,0,28,0,28,0,28,0,28,0,28,32,52,0,28,32,52,0,28,0,28,0,28,0,28,0,28,0,28,22,29,0,28,22,29
0500000US48167,"Galveston County, Texas",135275,952,102724,1529,24100,1038,3020,570,21080,976,749,390,12,19,737,390,736,252,4,6,732,253,473,213,53,53,420,205,1818,373,234,146,1584,335,294,160,7,14,287,158,852,289,153,112,699,265,1058,276,80,75,978,282,684,213,37,35,647,202,1166,253,164,122,1002,233,186,90,28,38,158,82,435,240,10,15,425,240
0500000US48169,"Garza County, Texas",1677,157,1233,183,422,132,34,49,388,136,0,21,0,21,0,21,0,21,0,21,0,21,0,21,0,21,0,21,0,21,0,21,0,21,0,21,0,21,0,21,12,18,0,21,12,18,0,21,0,21,0,21,0,21,0,21,0,21,0,21,0,21,0,21,0,21,0,21,0,21,10,15,10,15,0,21
0500000US48171,"Gillespie County, Texas",11035,409,9000,408,1497,197,215,130,1282,207,9,17,0,28,9,17,474,152,19,22,455,153,14,18,0,28,14,18,1,5,0,28,1,5,0,28,0,28,0,28,0,28,0,28,0,28,0,28,0,28,0,28,22,34,0,28,22,34,18,23,0,28,18,23,0,28,0,28,0,28,0,28,0,28,0,28
0500000US48173,"Glasscock County, Texas",415,54,274,58,100,54,25,28,75,46,0,15,0,15,0,15,24,37,0,15,24,37,9,15,0,15,9,15,0,15,0,15,0,15,0,15,0,15,0,15,0,15,0,15,0,15,0,15,0,15,0,15,0,15,0,15,0,15,0,15,0,15,0,15,8,15,0,15,8,15,0,15,0,15,0,15
0500000US48175,"Goliad County, Texas",2720,158,1978,157,692,125,87,57,605,134,0,21,0,21,0,21,48,48,0,21,48,48,0,21,0,21,0,21,0,21,0,21,0,21,0,21,0,21,0,21,0,21,0,21,0,21,2,5,0,21,2,5,0,21,0,21,0,21,0,21,0,21,0,21,0,21,0,21,0,21,0,21,0,21,0,21
0500000US48177,"Gonzales County, Texas",7412,210,4854,302,2430,229,528,145,1902,236,0,23,0,23,0,23,10,16,0,23,10,16,23,29,0,23,23,29,0,23,0,23,0,23,9,11,0,23,9,11,2,5,0,23,2,5,11,15,0,23,11,15,10,16,0,23,10,16,57,51,57,51,0,23,0,23,0,23,0,23,6,10,0,23,6,10
0500000US48179,"Gray County, Texas",8021,235,6360,266,1583,219,383,164,1200,191,0,28,0,28,0,28,28,22,0,28,28,22,0,28,0,28,0,28,7,16,0,28,7,16,25,42,0,28,25,42,0,28,0,28,0,28,14,23,0,28,14,23,2,4,0,28,2,4,0,28,0,28,0,28,0,28,0,28,0,28,2,3,0,28,2,3
0500000US48181,"Grayson County, Texas",52084,687,46386,699,4556,442,773,255,3783,397,128,84,0,35,128,84,245,138,0,35,245,138,48,49,0,35,48,49,244,112,25,40,219,115,80,67,27,44,53,51,85,52,0,35,85,52,64,49,44,55,20,25,54,40,0,35,54,40,107,73,49,51,58,48,64,64,0,35,64,64,23,26,0,35,23,26
0500000US48183,"Gregg County, Texas",47008,677,40124,736,5821,397,889,217,4932,432,22,23,0,35,22,23,147,87,13,21,134,83,20,37,20,37,0,35,123,78,5,9,118,76,35,34,13,23,22,27,29,29,3,6,26,28,160,101,23,21,137,97,61,52,0,35,61,52,289,240,21,31,268,239,41,47,0,35,41,47,136,141,0,35,136,141
0500000US48185,"Grimes County, Texas",9769,293,7947,359,1616,210,341,180,1275,213,48,42,0,28,48,42,22,32,0,28,22,32,81,85,0,28,81,85,4,10,0,28,4,10,0,28,0,28,0,28,0,28,0,28,0,28,10,17,0,28,10,17,0,28,0,28,0,28,28,44,0,28,28,44,13,23,0,28,13,23,0,28,0,28,0,28
0500000US48187,"Guadalupe County, Texas",60463,634,42996,900,15194,803,1328,327,13866,830,86,65,16,19,70,63,693,225,0,35,693,225,181,91,9,14,172,90,284,157,74,105,210,109,153,110,0,35,153,110,52,45,0,35,52,45,267,118,54,70,213,108,240,99,0,35,240,99,222,110,105,86,117,64,0,35,0,35,0,35,95,70,0,35,95,70
0500000US48189,"Hale County, Texas",10997,375,5544,341,5287,396,588,159,4699,406,0,31,0,31,0,31,44,44,22,31,22,31,34,42,0,31,34,42,26,33,0,31,26,33,0,31,0,31,0,31,0,31,0,31,0,31,0,31,0,31,0,31,10,16,0,31,10,16,0,31,0,31,0,31,52,59,37,54,15,20,0,31,0,31,0,31
0500000US48191,"Hall County, Texas",1145,82,825,76,316,48,31,26,285,48,0,15,0,15,0,15,0,15,0,15,0,15,0,15,0,15,0,15,0,15,0,15,0,15,1,2,0,15,1,2,0,15,0,15,0,15,3,5,0,15,3,5,0,15,0,15,0,15,0,15,0,15,0,15,0,15,0,15,0,15,0,15,0,15,0,15
0500000US48193,"Hamilton County, Texas",3131,175,2763,187,255,72,9,15,246,66,0,21,0,21,0,21,46,41,6,11,40,40,66,68,0,21,66,68,0,21,0,21,0,21,0,21,0,21,0,21,0,21,0,21,0,21,0,21,0,21,0,21,0,21,0,21,0,21,1,2,0,21,1,2,0,21,0,21,0,21,0,21,0,21,0,21
0500000US48195,"Hansford County, Texas",1763,115,1106,116,657,97,199,98,458,91,0,21,0,21,0,21,0,21,0,21,0,21,0,21,0,21,0,21,0,21,0,21,0,21,0,21,0,21,0,21,0,21,0,21,0,21,0,21,0,21,0,21,0,21,0,21,0,21,0,21,0,21,0,21,0,21,0,21,0,21,0,21,0,21,0,21
0500000US48197,"Hardeman County, Texas",1304,104,1027,104,221,73,67,63,154,54,0,15,0,15,0,15,3,7,0,15,3,7,0,15,0,15,0,15,2,3,0,15,2,3,0,15,0,15,0,15,5,8,0,15,5,8,4,7,4,7,0,15,0,15,0,15,0,15,1,2,0,15,1,2,0,15,0,15,0,15,41,57,0,15,41,57
0500000US48199,"Hardin County, Texas",20845,539,19468,573,1220,251,189,139,1031,229,21,32,0,35,21,32,11,14,0,35,11,14,24,43,0,35,24,43,31,28,0,35,31,28,0,35,0,35,0,35,14,17,0,35,14,17,16,21,0,35,16,21,13,21,0,35,13,21,12,14,0,35,12,14,0,35,0,35,0,35,15,28,0,35,15,28
0500000US48201,"Harris County, Texas",1692896,4042,923500,5759,578129,3804,157200,3621,420929,4578,15211,1370,1433,499,13778,1309,6786,749,279,161,6507,686,7651,820,606,169,7045,830,39502,1901,4296,580,35206,1774,5115,634,1313,322,3802,596,23473,1350,6736,725,16737,1158,32791,1792,11060,1011,21731,1472,9118,1054,723,227,8395,982,17882,1056,2965,498,14917,1117,11890,1065,2047,518,9843,913,21848,1272,1911,409,19937,1255
0500000US48203,"Harrison County, Texas",24993,565,22356,566,2308,319,373,135,1935,316,0,35,0,35,0,35,55,55,0,35,55,55,66,60,40,46,26,41,15,23,0,35,15,23,0,35,0,35,0,35,12,20,0,35,12,20,18,20,12,17,6,10,0,35,0,35,0,35,64,44,19,32,45,35,11,17,0,35,11,17,88,72,0,35,88,72
0500000US48205,"Hartley County, Texas",1626,91,1304,134,257,102,4,10,253,100,0,21,0,21,0,21,37,35,0,21,37,35,0,21,0,21,0,21,28,26,0,21,28,26,0,21,0,21,0,21,0,21,0,21,0,21,0,21,0,21,0,21,0,21,0,21,0,21,0,21,0,21,0,21,0,21,0,21,0,21,0,21,0,21,0,21
0500000US48207,"Haskell County, Texas",2090,119,1679,124,404,73,73,39,331,78,0,21,0,21,0,21,3,6,0,21,3,6,0,21,0,21,0,21,0,21,0,21,0,21,0,21,0,21,0,21,0,21,0,21,0,21,0,21,0,21,0,21,4,6,0,21,4,6,0,21,0,21,0,21,0,21,0,21,0,21,0,21,0,21,0,21
0500000US48209,"Hays County, Texas",89328,783,62248,1241,23820,1202,2689,601,21131,1179,242,110,20,29,222,106,521,254,13,23,508,253,131,77,9,15,122,76,928,299,117,129,811,279,129,96,0,35,129,96,105,50,0,35,105,50,116,83,10,18,106,83,386,179,0,35,386,179,260,125,37,38,223,120,257,246,137,220,120,116,185,157,0,35,185,157
0500000US48211,"Hemphill County, Texas",1345,94,950,99,368,60,23,28,345,67,0,15,0,15,0,15,27,23,0,15,27,23,0,15,0,15,0,15,0,15,0,15,0,15,0,15,0,15,0,15,0,15,0,15,0,15,0,15,0,15,0,15,0,15,0,15,0,15,0,15,0,15,0,15,0,15,0,15,0,15,0,15,0,15,0,15
0500000US48213,"Henderson County, Texas",31973,592,28688,645,2762,325,451,182,2311,314,21,24,8,16,13,17,90,61,32,36,58,48,2,3,0,35,2,3,218,109,29,36,189,116,0,35,0,35,0,35,21,19,0,35,21,19,8,11,8,11,0,35,44,46,0,35,44,46,117,79,53,40,64,70,0,35,0,35,0,35,2,16,0,35,2,16
0500000US48215,"Hidalgo County, Texas",257499,1634,33236,1388,220335,1956,47953,2460,172382,2500,317,187,14,22,303,183,295,108,27,29,268,103,28,25,0,35,28,25,753,228,69,70,684,231,262,132,129,85,133,101,220,113,31,40,189,99,92,60,45,47,47,59,775,188,0,35,775,188,946,232,103,113,843,204,43,42,31,39,12,19,197,114,26,43,171,105
0500000US48217,"Hill County, Texas",13390,270,11306,264,1871,132,262,78,1609,139,0,31,0,31,0,31,72,68,0,31,72,68,22,16,1,2,21,16,17,20,0,31,17,20,22,29,22,29,0,31,28,22,3,4,25,21,20,18,11,16,9,15,3,4,0,31,3,4,17,17,0,31,17,17,12,15,0,31,12,15,0,31,0,31,0,31
0500000US48219,"Hockley County, Texas",7922,228,4876,247,2976,221,357,103,2619,205,0,28,0,28,0,28,46,42,22,29,24,33,0,28,0,28,0,28,1,2,0,28,1,2,0,28,0,28,0,28,0,28,0,28,0,28,0,28,0,28,0,28,0,28,0,28,0,28,0,28,0,28,0,28,12,19,0,28,12,19,11,12,0,28,11,12
0500000US48221,"Hood County, Texas",24734,556,22202,700,2142,371,315,174,1827,386,23,28,0,35,23,28,150,88,0,35,150,88,0,35,0,35,0,35,109,70,11,19,98,65,6,8,3,7,3,4,33,36,0,35,33,36,17,24,17,24,0,35,17,21,0,35,17,21,35,36,0,35,35,36,0,35,0,35,0,35,0,35,0,35,0,35
0500000US48223,"Hopkins County, Texas",13781,261,11907,303,1627,154,274,106,1353,179,6,8,0,31,6,8,116,60,0,31,116,60,0,31,0,31,0,31,30,30,0,31,30,30,3,4,0,31,3,4,0,31,0,31,0,31,54,34,33,37,21,22,13,22,0,31,13,22,14,24,0,31,14,24,3,6,0,31,3,6,8,11,0,31,8,11
0500000US48225,"Houston County, Texas",7464,237,6884,251,489,127,118,70,371,103,0,28,0,28,0,28,2,4,0,28,2,4,0,28,0,28,0,28,46,48,0,28,46,48,5,16,0,28,5,16,0,28,0,28,0,28,0,28,0,28,0,28,28,35,0,28,28,35,10,16,10,16,0,28,0,28,0,28,0,28,0,28,0,28,0,28
0500000US48227,"Howard County, Texas",12010,300,8513,364,3239,323,269,138,2970,331,39,61,0,31,39,61,62,47,0,31,62,47,0,31,0,31,0,31,28,35,28,35,0,31,15,22,0,31,15,22,0,31,0,31,0,31,0,31,0,31,0,31,66,60,0,31,66,60,21,20,0,31,21,20,0,31,0,31,0,31,27,40,0,31,27,40
0500000US48229,"Hudspeth County, Texas",890,55,176,63,691,80,254,84,437,85,0,15,0,15,0,15,7,9,5,8,2,4,0,15,0,15,0,15,0,15,0,15,0,15,0,15,0,15,0,15,0,15,0,15,0,15,0,15,0,15,0,15,0,15,0,15,0,15,16,28,0,15,16,28,0,15,0,15,0,15,0,15,0,15,0,15
0500000US48231,"Hunt County, Texas",36560,598,31641,590,3946,310,655,217,3291,304,97,87,0,35,97,87,188,89,0,35,188,89,72,65,0,35,72,65,47,45,10,16,37,41,50,47,9,16,41,42,80,77,8,13,72,76,94,72,44,55,50,52,63,52,0,35,63,52,93,68,0,35,93,68,8,8,0,35,8,8,181,145,113,143,68,60
0500000US48233,"Hutchinson County, Texas",6711,259,5619,242,1044,150,126,94,918,145,0,28,0,28,0,28,2,4,0,28,2,4,11,16,0,28,11,16,10,14,0,28,10,14,0,28,0,28,0,28,11,20,0,28,11,20,0,28,0,28,0,28,8,14,0,28,8,14,6,11,0,28,6,11,0,28,0,28,0,28,0,28,0,28,0,28
0500000US48235,"Irion County, Texas",647,69,492,68,155,52,5,8,150,51,0,15,0,15,0,15,0,15,0,15,0,15,0,15,0,15,0,15,0,15,0,15,0,15,0,15,0,15,0,15,0,15,0,15,0,15,0,15,0,15,0,15,0,15,0,15,0,15,0,15,0,15,0,15,0,15,0,15,0,15,0,15,0,15,0,15
0500000US48237,"Jack County, Texas",2997,137,2764,138,202,50,86,40,116,43,0,21,0,21,0,21,10,14,0,21,10,14,0,21,0,21,0,21,0,21,0,21,0,21,0,21,0,21,0,21,17,25,0,21,17,25,0,21,0,21,0,21,0,21,0,21,0,21,0,21,0,21,0,21,0,21,0,21,0,21,4,11,0,21,4,11
0500000US48239,"Jackson County, Texas",5235,260,3971,252,1163,183,188,113,975,164,0,23,0,23,0,23,17,21,0,23,17,21,40,44,24,37,16,26,11,20,0,23,11,20,13,21,0,23,13,21,10,17,0,23,10,17,0,23,0,23,0,23,0,23,0,23,0,23,10,15,0,23,10,15,0,23,0,23,0,23,0,23,0,23,0,23
0500000US48241,"Jasper County, Texas",13142,445,12154,541,719,267,55,58,664,276,99,101,17,34,82,91,46,41,0,31,46,41,7,10,0,31,7,10,53,51,42,48,11,14,10,16,0,31,10,16,0,31,0,31,0,31,0,31,0,31,0,31,34,46,0,31,34,46,20,23,9,15,11,20,0,31,0,31,0,31,0,31,0,31,0,31
0500000US48243,"Jeff Davis County, Texas",1095,138,788,122,281,168,174,165,107,60,0,15,0,15,0,15,4,8,0,15,4,8,4,8,4,8,0,15,0,15,0,15,0,15,0,15,0,15,0,15,0,15,0,15,0,15,0,15,0,15,0,15,0,15,0,15,0,15,0,15,0,15,0,15,0,15,0,15,0,15,18,26,0,15,18,26
0500000US48245,"Jefferson County, Texas",93193,942,74078,1053,14539,622,3526,456,11013,636,699,232,227,161,472,169,389,165,19,22,370,163,29,30,0,35,29,30,904,222,216,96,688,195,139,162,0,35,139,162,164,100,73,68,91,78,1097,211,240,96,857,219,316,130,10,15,306,131,564,161,110,94,454,160,91,50,7,15,84,46,184,104,0,35,184,104
0500000US48247,"Jim Hogg County, Texas",1342,223,300,210,1039,152,54,33,985,145,0,15,0,15,0,15,0,15,0,15,0,15,0,15,0,15,0,15,0,15,0,15,0,15,0,15,0,15,0,15,0,15,0,15,0,15,0,15,0,15,0,15,3,6,0,15,3,6,0,15,0,15,0,15,0,15,0,15,0,15,0,15,0,15,0,15
0500000US48249,"Jim Wells County, Texas",12914,696,4298,467,8489,690,1030,307,7459,577,0,31,0,31,0,31,31,40,0,31,31,40,17,25,0,31,17,25,18,46,0,31,18,46,0,31,0,31,0,31,0,31,0,31,0,31,0,31,0,31,0,31,11,53,0,31,11,53,0,31,0,31,0,31,50,79,0,31,50,79,0,31,0,31,0,31
0500000US48251,"Johnson County, Texas",62297,590,51496,811,9051,654,1543,410,7508,669,80,89,0,35,80,89,153,102,0,35,153,102,148,96,35,56,113,79,227,137,68,85,159,105,160,98,130,95,30,34,16,17,0,35,16,17,115,73,0,35,115,73,123,85,0,35,123,85,449,156,13,41,436,152,78,73,0,35,78,73,201,116,27,44,174,110
0500000US48253,"Jones County, Texas",5917,221,4898,266,922,177,202,114,720,167,0,23,0,23,0,23,64,63,0,23,64,63,0,23,0,23,0,23,11,14,0,23,11,14,0,23,0,23,0,23,0,23,0,23,0,23,8,13,8,13,0,23,2,6,0,23,2,6,12,17,0,23,12,17,0,23,0,23,0,23,0,23,0,23,0,23
0500000US48255,"Karnes County, Texas",4359,299,2906,321,1262,212,155,63,1107,217,3,6,0,23,3,6,12,21,0,23,12,21,68,39,5,7,63,38,18,34,0,23,18,34,0,23,0,23,0,23,0,23,0,23,0,23,71,78,71,78,0,23,19,45,0,23,19,45,0,23,0,23,0,23,0,23,0,23,0,23,0,23,0,23,0,23
0500000US48257,"Kaufman County, Texas",47899,469,36877,759,8653,439,785,243,7868,462,346,183,25,47,321,178,140,88,0,35,140,88,140,114,0,35,140,114,145,101,0,35,145,101,42,44,4,8,38,43,103,121,87,119,16,26,110,80,30,34,80,75,157,111,0,35,157,111,233,124,0,35,233,124,117,82,0,35,117,82,836,279,163,129,673,242
0500000US48259,"Kendall County, Texas",16763,396,13957,463,2373,333,238,122,2135,338,13,27,0,31,13,27,71,49,4,14,67,48,22,33,0,31,22,33,81,92,0,31,81,92,35,45,0,31,35,45,59,68,0,31,59,68,0,31,0,31,0,31,78,104,0,31,78,104,60,77,46,72,14,23,14,17,0,31,14,17,0,31,0,31,0,31
0500000US48261,"Kenedy County, Texas",38,32,0,15,38,32,18,18,20,23,0,15,0,15,0,15,0,15,0,15,0,15,0,15,0,15,0,15,0,15,0,15,0,15,0,15,0,15,0,15,0,15,0,15,0,15,0,15,0,15,0,15,0,15,0,15,0,15,0,15,0,15,0,15,0,15,0,15,0,15,0,15,0,15,0,15
0500000US48263,"Kent County, Texas",246,65,222,65,24,22,12,19,12,10,0,15,0,15,0,15,0,15,0,15,0,15,0,15,0,15,0,15,0,15,0,15,0,15,0,15,0,15,0,15,0,15,0,15,0,15,0,15,0,15,0,15,0,15,0,15,0,15,0,15,0,15,0,15,0,15,0,15,0,15,0,15,0,15,0,15
0500000US48265,"Kerr County, Texas",22024,464,18724,543,2970,378,291,150,2679,386,18,20,0,35,18,20,97,57,8,14,89,54,13,22,0,35,13,22,32,32,0,35,32,32,9,15,0,35,9,15,25,45,0,35,25,45,0,35,0,35,0,35,3,5,0,35,3,5,39,39,0,35,39,39,0,35,0,35,0,35,94,113,0,35,94,113
0500000US48267,"Kimble County, Texas",1715,179,1324,170,378,83,51,38,327,77,0,15,0,15,0,15,0,15,0,15,0,15,0,15,0,15,0,15,0,15,0,15,0,15,0,15,0,15,0,15,0,15,0,15,0,15,0,15,0,15,0,15,0,15,0,15,0,15,0,15,0,15,0,15,0,15,0,15,0,15,13,16,0,15,13,16
0500000US48269,"King County, Texas",80,30,69,27,11,12,0,15,11,12,0,15,0,15,0,15,0,15,0,15,0,15,0,15,0,15,0,15,0,15,0,15,0,15,0,15,0,15,0,15,0,15,0,15,0,15,0,15,0,15,0,15,0,15,0,15,0,15,0,15,0,15,0,15,0,15,0,15,0,15,0,15,0,15,0,15
0500000US48271,"Kinney County, Texas",1105,153,672,139,433,126,28,40,405,123,0,15,0,15,0,15,0,15,0,15,0,15,0,15,0,15,0,15,0,15,0,15,0,15,0,15,0,15,0,15,0,15,0,15,0,15,0,15,0,15,0,15,0,15,0,15,0,15,0,15,0,15,0,15,0,15,0,15,0,15,0,15,0,15,0,15
0500000US48273,"Kleberg County, Texas",11915,435,5804,515,5726,482,461,173,5265,494,21,31,0,31,21,31,0,31,0,31,0,31,0,31,0,31,0,31,90,68,60,57,30,37,0,31,0,31,0,31,40,75,0,31,40,75,0,31,0,31,0,31,91,56,0,31,91,56,100,72,0,31,100,72,0,31,0,31,0,31,43,60,0,31,43,60
0500000US48275,"Knox County, Texas",1248,79,846,80,344,55,44,28,300,55,0,15,0,15,0,15,5,7,0,15,5,7,0,15,0,15,0,15,53,57,48,57,5,9,0,15,0,15,0,15,0,15,0,15,0,15,0,15,0,15,0,15,0,15,0,15,0,15,0,15,0,15,0,15,0,15,0,15,0,15,0,15,0,15,0,15
0500000US48277,"Lamar County, Texas",20122,351,18168,442,1167,195,109,70,1058,204,6,20,0,35,6,20,424,198,81,95,343,171,0,35,0,35,0,35,23,36,0,35,23,36,0,35,0,35,0,35,12,18,0,35,12,18,25,30,0,35,25,30,53,51,0,35,53,51,55,50,0,35,55,50,9,16,0,35,9,16,180,119,110,105,70,68
0500000US48279,"Lamb County, Texas",4632,154,2725,128,1893,145,206,94,1687,160,0,23,0,23,0,23,5,8,5,8,0,23,0,23,0,23,0,23,5,3,0,23,5,3,0,23,0,23,0,23,0,23,0,23,0,23,4,7,0,23,4,7,0,23,0,23,0,23,0,23,0,23,0,23,0,23,0,23,0,23,0,23,0,23,0,23
0500000US48281,"Lampasas County, Texas",7934,310,6579,326,973,150,45,34,928,148,32,40,0,28,32,40,180,78,0,28,180,78,0,28,0,28,0,28,46,46,0,28,46,46,20,25,5,9,15,25,0,28,0,28,0,28,0,28,0,28,0,28,0,28,0,28,0,28,104,101,20,31,84,101,0,28,0,28,0,28,0,28,0,28,0,28
0500000US48283,"La Salle County, Texas",1688,244,215,124,1473,224,133,72,1340,228,0,21,0,21,0,21,0,21,0,21,0,21,0,21,0,21,0,21,0,21,0,21,0,21,0,21,0,21,0,21,0,21,0,21,0,21,0,21,0,21,0,21,0,21,0,21,0,21,0,21,0,21,0,21,0,21,0,21,0,21,0,21,0,21,0,21
0500000US48285,"Lavaca County, Texas",8206,219,6878,284,1017,150,139,77,878,159,37,32,0,28,37,32,14,19,0,28,14,19,196,70,17,15,179,68,14,18,0,28,14,18,0,28,0,28,0,28,3,7,0,28,3,7,0,28,0,28,0,28,12,14,1,3,11,14,24,24,11,17,13,22,0,28,0,28,0,28,11,15,0,28,11,15
0500000US48287,"Lee County, Texas",6313,301,5109,337,994,158,287,184,707,198,23,24,0,23,23,24,156,96,0,23,156,96,6,8,2,3,4,7,14,24,0,23,14,24,0,23,0,23,0,23,11,23,0,23,11,23,0,23,0,23,0,23,0,23,0,23,0,23,0,23,0,23,0,23,0,23,0,23,0,23,0,23,0,23,0,23
0500000US48289,"Leon County, Texas",6397,335,5653,336,621,143,133,60,488,140,0,23,0,23,0,23,97,101,0,23,97,101,0,23,0,23,0,23,23,28,0,23,23,28,0,23,0,23,0,23,2,4,2,4,0,23,0,23,0,23,0,23,1,3,0,23,1,3,0,23,0,23,0,23,0,23,0,23,0,23,0,23,0,23,0,23
0500000US48291,"Liberty County, Texas",28921,602,22122,636,6423,425,1302,321,5121,460,97,81,3,5,94,82,18,30,0,35,18,30,0,35,0,35,0,35,70,73,0,35,70,73,0,35,0,35,0,35,29,40,16,28,13,21,0,35,0,35,0,35,43,44,0,35,43,44,72,62,13,23,59,57,13,23,0,35,13,23,34,34,0,35,34,34
0500000US48293,"Limestone County, Texas",8195,258,6708,267,1352,165,158,85,1194,158,26,39,26,39,0,28,7,10,7,10,0,28,0,28,0,28,0,28,14,15,0,28,14,15,0,28,0,28,0,28,0,28,0,28,0,28,66,40,44,46,22,25,0,28,0,28,0,28,8,16,0,28,8,16,0,28,0,28,0,28,14,23,14,23,0,28
0500000US48295,"Lipscomb County, Texas",1135,82,846,81,276,67,62,43,214,54,0,15,0,15,0,15,1,2,0,15,1,2,1,3,0,15,1,3,0,15,0,15,0,15,0,15,0,15,0,15,0,15,0,15,0,15,0,15,0,15,0,15,0,15,0,15,0,15,0,15,0,15,0,15,0,15,0,15,0,15,11,16,11,16,0,15
0500000US48297,"Live Oak County, Texas",4153,230,2681,219,1241,195,131,65,1110,192,0,23,0,23,0,23,58,59,0,23,58,59,16,25,0,23,16,25,53,85,0,23,53,85,0,23,0,23,0,23,22,30,22,30,0,23,0,23,0,23,0,23,0,23,0,23,0,23,82,122,0,23,82,122,0,23,0,23,0,23,0,23,0,23,0,23
0500000US48299,"Llano County, Texas",9612,412,8732,410,724,189,78,75,646,181,20,20,0,28,20,20,67,49,0,28,67,49,39,42,0,28,39,42,5,8,0,28,5,8,9,14,0,28,9,14,0,28,0,28,0,28,13,18,0,28,13,18,0,28,0,28,0,28,3,4,0,28,3,4,0,28,0,28,0,28,0,28,0,28,0,28
0500000US48301,"Loving County, Texas",40,25,24,16,11,18,0,15,11,18,0,15,0,15,0,15,0,15,0,15,0,15,0,15,0,15,0,15,0,15,0,15,0,15,0,15,0,15,0,15,5,6,5,6,0,15,0,15,0,15,0,15,0,15,0,15,0,15,0,15,0,15,0,15,0,15,0,15,0,15,0,15,0,15,0,15
0500000US48303,"Lubbock County, Texas",121685,895,88807,1311,28004,1011,2425,485,25579,1037,321,169,107,91,214,135,309,128,21,24,288,124,100,85,0,35,100,85,951,250,171,120,780,227,246,137,65,62,181,119,717,194,131,79,586,181,282,138,39,40,243,136,337,108,13,18,324,105,540,159,65,66,475,147,357,163,62,76,295,133,714,205,31,34,683,200
0500000US48305,"Lynn County, Texas",2053,88,1344,86,673,78,78,38,595,70,2,3,0,21,2,3,13,13,1,4,12,14,0,21,0,21,0,21,7,9,0,21,7,9,1,2,1,2,0,21,0,21,0,21,0,21,0,21,0,21,0,21,2,3,0,21,2,3,4,8,0,21,4,8,0,21,0,21,0,21,7,12,0,21,7,12
0500000US48307,"McCulloch County, Texas",3186,220,2179,206,955,140,80,54,875,142,9,14,0,21,9,14,5,8,3,6,2,4,13,31,0,21,13,31,11,19,0,21,11,19,0,21,0,21,0,21,14,20,0,21,14,20,0,21,0,21,0,21,0,21,0,21,0,21,0,21,0,21,0,21,0,21,0,21,0,21,0,21,0,21,0,21
0500000US48309,"McLennan County, Texas",94985,797,74775,989,17390,842,5452,603,11938,883,196,119,11,18,185,117,553,182,49,78,504,172,216,88,4,7,212,88,592,246,93,70,499,235,100,70,24,42,76,64,256,146,43,45,213,137,291,112,82,70,209,86,119,69,0,35,119,69,208,127,0,35,208,127,61,56,0,35,61,56,228,119,35,56,193,108
0500000US48311,"McMullen County, Texas",202,54,150,48,52,32,0,15,52,32,0,15,0,15,0,15,0,15,0,15,0,15,0,15,0,15,0,15,0,15,0,15,0,15,0,15,0,15,0,15,0,15,0,15,0,15,0,15,0,15,0,15,0,15,0,15,0,15,0,15,0,15,0,15,0,15,0,15,0,15,0,15,0,15,0,15
0500000US48313,"Madison County, Texas",4081,237,3476,221,547,124,119,75,428,111,0,23,0,23,0,23,14,16,7,10,7,11,0,23,0,23,0,23,37,43,0,23,37,43,0,23,0,23,0,23,0,23,0,23,0,23,7,14,0,23,7,14,0,23,0,23,0,23,0,23,0,23,0,23,0,23,0,23,0,23,0,23,0,23,0,23
0500000US48315,"Marion County, Texas",4014,254,3831,257,121,56,42,44,79,56,0,21,0,21,0,21,11,12,0,21,11,12,4,8,0,21,4,8,8,11,0,21,8,11,0,21,0,21,0,21,0,21,0,21,0,21,0,21,0,21,0,21,15,23,0,21,15,23,24,28,15,26,9,14,0,21,0,21,0,21,0,21,0,21,0,21
0500000US48317,"Martin County, Texas",1912,128,1119,171,708,112,86,66,622,129,0,21,0,21,0,21,85,69,0,21,85,69,0,21,0,21,0,21,0,21,0,21,0,21,0,21,0,21,0,21,0,21,0,21,0,21,0,21,0,21,0,21,0,21,0,21,0,21,0,21,0,21,0,21,0,21,0,21,0,21,0,21,0,21,0,21
0500000US48319,"Mason County, Texas",1519,137,1238,133,233,76,73,61,160,67,0,15,0,15,0,15,39,28,7,11,32,25,0,15,0,15,0,15,5,5,0,15,5,5,0,15,0,15,0,15,0,15,0,15,0,15,0,15,0,15,0,15,4,7,0,15,4,7,0,15,0,15,0,15,0,15,0,15,0,15,0,15,0,15,0,15
0500000US48321,"Matagorda County, Texas",14073,437,9915,536,3777,401,670,226,3107,448,16,22,0,31,16,22,21,28,0,31,21,28,24,32,0,31,24,32,66,73,0,31,66,73,0,31,0,31,0,31,55,88,55,88,0,31,122,124,109,121,13,20,41,71,41,71,0,31,11,18,0,31,11,18,0,31,0,31,0,31,25,37,0,31,25,37
0500000US48323,"Maverick County, Texas",17901,437,753,264,16876,507,4679,545,12197,686,0,35,0,35,0,35,0,35,0,35,0,35,0,35,0,35,0,35,20,34,0,35,20,34,0,35,0,35,0,35,0,35,0,35,0,35,0,35,0,35,0,35,13,22,0,35,13,22,0,35,0,35,0,35,0,35,0,35,0,35,239,66,17,20,222,65
0500000US48325,"Medina County, Texas",17296,400,10705,562,6271,476,547,193,5724,438,31,35,0,35,31,35,161,126,0,35,161,126,0,35,0,35,0,35,48,61,0,35,48,61,2,4,0,35,2,4,0,35,0,35,0,35,0,35,0,35,0,35,4,40,0,35,4,40,4,6,0,35,4,6,0,35,0,35,0,35,70,60,0,35,70,60
0500000US48327,"Menard County, Texas",905,138,580,124,325,95,99,65,226,75,0,15,0,15,0,15,0,15,0,15,0,15,0,15,0,15,0,15,0,15,0,15,0,15,0,15,0,15,0,15,0,15,0,15,0,15,0,15,0,15,0,15,0,15,0,15,0,15,0,15,0,15,0,15,0,15,0,15,0,15,0,15,0,15,0,15
0500000US48329,"Midland County, Texas",65265,789,40362,1063,22525,1077,2766,568,19759,1250,55,58,0,35,55,58,200,173,10,16,190,173,55,58,0,35,55,58,286,136,9,15,277,134,120,109,62,76,58,64,286,139,48,56,238,134,72,76,0,35,72,76,224,143,8,14,216,143,301,129,116,77,185,117,363,257,72,112,291,222,416,215,130,199,286,153
0500000US48331,"Milam County, Texas",9767,265,7681,306,1962,216,473,169,1489,242,5,10,0,28,5,10,16,19,0,28,16,19,30,25,3,5,27,25,0,28,0,28,0,28,0,28,0,28,0,28,10,15,0,28,10,15,39,46,0,28,39,46,0,28,0,28,0,28,10,17,0,28,10,17,0,28,0,28,0,28,14,22,0,28,14,22
0500000US48333,"Mills County, Texas",1833,125,1422,149,377,113,21,35,356,105,0,15,0,15,0,15,23,23,0,15,23,23,0,15,0,15,0,15,1,3,0,15,1,3,0,15,0,15,0,15,0,15,0,15,0,15,0,15,0,15,0,15,8,11,0,15,8,11,2,3,0,15,2,3,0,15,0,15,0,15,0,15,0,15,0,15
0500000US48335,"Mitchell County, Texas",2411,215,1845,207,556,133,84,58,472,121,0,21,0,21,0,21,8,12,0,21,8,12,0,21,0,21,0,21,0,21,0,21,0,21,0,21,0,21,0,21,0,21,0,21,0,21,0,21,0,21,0,21,2,3,0,21,2,3,0,21,0,21,0,21,0,21,0,21,0,21,0,21,0,21,0,21
0500000US48337,"Montague County, Texas",7907,292,7143,292,718,175,44,50,674,173,2,4,0,28,2,4,33,32,9,13,24,29,0,28,0,28,0,28,11,24,0,28,11,24,0,28,0,28,0,28,0,28,0,28,0,28,0,28,0,28,0,28,0,28,0,28,0,28,0,28,0,28,0,28,0,28,0,28,0,28,0,28,0,28,0,28
0500000US48339,"Montgomery County, Texas",224474,1500,168287,1892,42715,1478,6068,779,36647,1737,1046,339,0,35,1046,339,1065,227,11,24,1054,226,966,304,52,53,914,296,3176,495,304,150,2872,486,257,151,134,134,123,83,1507,313,148,100,1359,315,794,239,76,73,718,227,805,183,0,35,805,183,2096,521,360,309,1736,445,399,225,0,35,399,225,1361,427,84,65,1277,418
0500000US48341,"Moore County, Texas",6989,294,3151,270,3281,259,682,167,2599,248,0,28,0,28,0,28,8,14,0,28,8,14,0,28,0,28,0,28,24,48,0,28,24,48,0,28,0,28,0,28,0,28,0,28,0,28,0,28,0,28,0,28,10,13,0,28,10,13,156,115,78,70,78,94,0,28,0,28,0,28,359,131,238,121,121,71
0500000US48343,"Morris County, Texas",4879,233,4465,230,315,92,0,23,315,92,0,23,0,23,0,23,4,7,0,23,4,7,20,30,0,23,20,30,0,23,0,23,0,23,0,23,0,23,0,23,0,23,0,23,0,23,18,16,0,23,18,16,0,23,0,23,0,23,9,16,0,23,9,16,0,23,0,23,0,23,48,78,0,23,48,78
0500000US48345,"Motley County, Texas",460,68,415,67,45,25,10,14,35,21,0,15,0,15,0,15,0,15,0,15,0,15,0,15,0,15,0,15,0,15,0,15,0,15,0,15,0,15,0,15,0,15,0,15,0,15,0,15,0,15,0,15,0,15,0,15,0,15,0,15,0,15,0,15,0,15,0,15,0,15,0,15,0,15,0,15
0500000US48347,"Nacogdoches County, Texas",24893,416,21241,450,3319,316,707,197,2612,322,34,57,0,35,34,57,54,41,11,14,43,38,0,35,0,35,0,35,36,37,0,35,36,37,43,58,6,13,37,57,22,33,0,35,22,33,42,42,26,37,16,20,52,62,0,35,52,62,22,22,0,35,22,22,28,49,0,35,28,49,0,35,0,35,0,35
0500000US48349,"Navarro County, Texas",18058,422,14253,412,3472,263,793,209,2679,273,4,7,0,35,4,7,35,31,0,35,35,31,16,21,0,35,16,21,11,22,0,35,11,22,0,35,0,35,0,35,5,9,5,9,0,35,36,34,0,35,36,34,12,16,0,35,12,16,180,96,0,35,180,96,26,33,0,35,26,33,8,9,0,35,8,9
0500000US48351,"Newton County, Texas",4787,248,4665,260,12,15,0,23,12,15,54,58,0,23,54,58,12,23,0,23,12,23,0,23,0,23,0,23,7,12,0,23,7,12,0,23,0,23,0,23,0,23,0,23,0,23,0,23,0,23,0,23,11,18,0,23,11,18,26,28,0,23,26,28,0,23,0,23,0,23,0,23,0,23,0,23
0500000US48353,"Nolan County, Texas",5670,191,3841,202,1757,182,276,109,1481,184,18,26,0,23,18,26,6,11,0,23,6,11,0,23,0,23,0,23,43,48,29,45,14,16,0,23,0,23,0,23,0,23,0,23,0,23,0,23,0,23,0,23,0,23,0,23,0,23,5,9,5,9,0,23,0,23,0,23,0,23,0,23,0,23,0,23
0500000US48355,"Nueces County, Texas",130122,1059,69737,1548,56042,1408,5353,605,50689,1354,303,120,17,25,286,117,265,86,13,22,252,80,198,140,6,12,192,138,716,210,32,34,684,210,187,81,70,48,117,70,672,198,39,34,633,194,342,138,177,84,165,100,854,276,88,62,766,264,488,144,88,88,400,140,103,66,0,35,103,66,215,130,70,91,145,89
0500000US48357,"Ochiltree County, Texas",3684,173,2018,133,1627,167,367,150,1260,160,0,21,0,21,0,21,0,21,0,21,0,21,0,21,0,21,0,21,38,33,0,21,38,33,0,21,0,21,0,21,0,21,0,21,0,21,0,21,0,21,0,21,0,21,0,21,0,21,0,21,0,21,0,21,0,21,0,21,0,21,1,3,1,3,0,21
0500000US48359,"Oldham County, Texas",631,68,539,72,91,37,8,8,83,36,0,15,0,15,0,15,0,15,0,15,0,15,0,15,0,15,0,15,0,15,0,15,0,15,0,15,0,15,0,15,0,15,0,15,0,15,1,3,1,3,0,15,0,15,0,15,0,15,0,15,0,15,0,15,0,15,0,15,0,15,0,15,0,15,0,15
0500000US48361,"Orange County, Texas",31274,614,28113,693,2079,402,316,200,1763,351,457,192,12,13,445,194,51,47,0,35,51,47,55,56,9,15,46,54,230,140,0,35,230,140,37,53,0,35,37,53,32,32,0,35,32,32,60,67,49,60,11,18,64,51,0,35,64,51,42,60,0,35,42,60,16,22,0,35,16,22,38,43,0,35,38,43
0500000US48363,"Palo Pinto County, Texas",10640,319,9300,305,1210,186,268,100,942,181,0,28,0,28,0,28,15,21,0,28,15,21,0,28,0,28,0,28,92,36,0,28,92,36,0,28,0,28,0,28,0,28,0,28,0,28,0,28,0,28,0,28,20,25,0,28,20,25,3,6,0,28,3,6,0,28,0,28,0,28,0,28,0,28,0,28
0500000US48365,"Panola County, Texas",8062,322,7488,343,415,125,80,55,335,115,93,94,0,28,93,94,0,28,0,28,0,28,0,28,0,28,0,28,0,28,0,28,0,28,0,28,0,28,0,28,0,28,0,28,0,28,32,37,0,28,32,37,34,60,34,60,0,28,0,28,0,28,0,28,0,28,0,28,0,28,0,28,0,28,0,28
0500000US48367,"Parker County, Texas",52622,572,46943,640,4734,452,860,257,3874,437,105,80,0,35,105,80,242,140,0,35,242,140,77,75,53,66,24,27,106,65,10,16,96,63,73,86,11,18,62,86,62,47,13,18,49,45,83,97,5,9,78,97,16,14,0,35,16,14,131,70,0,35,131,70,30,34,14,28,16,23,20,40,20,40,0,35
0500000US48369,"Parmer County, Texas",3203,153,1470,121,1695,134,391,125,1304,171,0,21,0,21,0,21,38,29,2,3,36,29,0,21,0,21,0,21,0,21,0,21,0,21,0,21,0,21,0,21,0,21,0,21,0,21,0,21,0,21,0,21,0,21,0,21,0,21,0,21,0,21,0,21,0,21,0,21,0,21,0,21,0,21,0,21
0500000US48371,"Pecos County, Texas",5070,180,1782,226,3162,250,276,148,2886,264,0,23,0,23,0,23,0,23,0,23,0,23,0,23,0,23,0,23,60,65,0,23,60,65,0,23,0,23,0,23,0,23,0,23,0,23,32,49,0,23,32,49,0,23,0,23,0,23,0,23,0,23,0,23,0,23,0,23,0,23,34,55,0,23,34,55
0500000US48373,"Polk County, Texas",18084,482,15664,522,2054,312,255,162,1799,328,0,35,0,35,0,35,44,40,0,35,44,40,0,35,0,35,0,35,13,18,0,35,13,18,22,27,0,35,22,27,7,17,0,35,7,17,3,7,0,35,3,7,13,22,0,35,13,22,67,61,0,35,67,61,81,90,0,35,81,90,116,61,8,8,108,57
0500000US48375,"Potter County, Texas",42824,543,29412,694,11094,518,1825,385,9269,505,67,46,19,32,48,35,129,70,0,35,129,70,32,30,6,13,26,26,88,62,22,23,66,60,38,57,0,35,38,57,49,43,0,35,49,43,374,175,189,129,185,117,74,64,0,35,74,64,808,169,160,105,648,146,199,117,9,16,190,116,460,170,193,135,267,126
0500000US48377,"Presidio County, Texas",2275,248,636,188,1639,280,655,226,984,307,0,21,0,21,0,21,0,21,0,21,0,21,0,21,0,21,0,21,0,21,0,21,0,21,0,21,0,21,0,21,0,21,0,21,0,21,0,21,0,21,0,21,0,21,0,21,0,21,0,21,0,21,0,21,0,21,0,21,0,21,0,21,0,21,0,21
0500000US48379,"Rains County, Texas",4710,264,4288,270,321,144,129,112,192,106,0,23,0,23,0,23,32,43,0,23,32,43,0,23,0,23,0,23,0,23,0,23,0,23,0,23,0,23,0,23,29,26,21,26,8,13,0,23,0,23,0,23,2,4,0,23,2,4,6,9,1,2,5,9,0,23,0,23,0,23,32,37,0,23,32,37
0500000US48381,"Randall County, Texas",54984,648,46212,847,6721,608,467,193,6254,616,250,224,0,35,250,224,247,123,37,46,210,107,103,89,22,36,81,82,483,220,9,14,474,220,43,46,15,26,28,34,48,45,0,35,48,45,209,129,130,107,79,70,120,80,41,42,79,71,218,103,25,25,193,98,112,80,3,5,109,80,218,147,29,48,189,160
0500000US48383,"Reagan County, Texas",1090,103,470,102,591,91,69,49,522,98,0,15,0,15,0,15,0,15,0,15,0,15,0,15,0,15,0,15,0,15,0,15,0,15,0,15,0,15,0,15,0,15,0,15,0,15,0,15,0,15,0,15,13,21,0,15,13,21,16,19,16,19,0,15,0,15,0,15,0,15,0,15,0,15,0,15
0500000US48385,"Real County, Texas",992,114,816,112,176,68,12,13,164,63,0,15,0,15,0,15,0,15,0,15,0,15,0,15,0,15,0,15,0,15,0,15,0,15,0,15,0,15,0,15,0,15,0,15,0,15,0,15,0,15,0,15,0,15,0,15,0,15,0,15,0,15,0,15,0,15,0,15,0,15,0,15,0,15,0,15
0500000US48387,"Red River County, Texas",4662,210,4379,232,222,77,74,55,148,69,11,16,0,23,11,16,32,33,0,23,32,33,0,23,0,23,0,23,7,12,0,23,7,12,0,23,0,23,0,23,0,23,0,23,0,23,0,23,0,23,0,23,0,23,0,23,0,23,9,10,0,23,9,10,0,23,0,23,0,23,2,5,0,23,2,5
0500000US48389,"Reeves County, Texas",4117,206,1350,307,2755,280,624,215,2131,281,0,23,0,23,0,23,0,23,0,23,0,23,0,23,0,23,0,23,0,23,0,23,0,23,0,23,0,23,0,23,0,23,0,23,0,23,0,23,0,23,0,23,0,23,0,23,0,23,12,20,0,23,12,20,0,23,0,23,0,23,0,23,0,23,0,23
0500000US48391,"Refugio County, Texas",2235,147,1282,133,938,110,75,40,863,119,6,9,6,9,0,21,1,3,0,21,1,3,0,21,0,21,0,21,0,21,0,21,0,21,0,21,0,21,0,21,4,5,0,21,4,5,0,21,0,21,0,21,0,21,0,21,0,21,0,21,0,21,0,21,0,21,0,21,0,21,4,8,0,21,4,8
0500000US48393,"Roberts County, Texas",320,55,291,54,11,12,0,15,11,12,0,15,0,15,0,15,0,15,0,15,0,15,0,15,0,15,0,15,18,20,0,15,18,20,0,15,0,15,0,15,0,15,0,15,0,15,0,15,0,15,0,15,0,15,0,15,0,15,0,15,0,15,0,15,0,15,0,15,0,15,0,15,0,15,0,15
0500000US48395,"Robertson County, Texas",6309,226,5480,244,777,152,121,94,656,161,8,14,0,23,8,14,3,7,0,23,3,7,3,5,0,23,3,5,8,11,0,23,8,11,0,23,0,23,0,23,0,23,0,23,0,23,0,23,0,23,0,23,0,23,0,23,0,23,0,23,0,23,0,23,30,46,0,23,30,46,0,23,0,23,0,23
0500000US48397,"Rockwall County, Texas",37881,425,31205,655,4501,497,359,152,4142,503,172,92,0,35,172,92,118,71,0,35,118,71,114,80,6,9,108,81,597,209,32,43,565,200,103,75,0,35,103,75,183,107,0,35,183,107,141,91,3,5,138,90,264,141,0,35,264,141,186,103,0,35,186,103,165,114,0,35,165,114,132,95,21,39,111,86
0500000US48399,"Runnels County, Texas",3780,183,2702,188,1033,118,72,49,961,132,0,21,0,21,0,21,4,6,0,21,4,6,33,37,0,21,33,37,5,10,0,21,5,10,0,21,0,21,0,21,3,5,3,5,0,21,0,21,0,21,0,21,0,21,0,21,0,21,0,21,0,21,0,21,0,21,0,21,0,21,0,21,0,21,0,21
0500000US48401,"Rusk County, Texas",17792,431,15674,425,1892,307,487,198,1405,276,50,46,0,35,50,46,7,10,0,35,7,10,12,18,0,35,12,18,42,50,0,35,42,50,0,35,0,35,0,35,5,13,0,35,5,13,9,19,5,10,4,17,5,8,0,35,5,8,82,74,34,60,48,43,0,35,0,35,0,35,14,16,0,35,14,16
0500000US48403,"Sabine County, Texas",4471,286,4237,285,161,92,0,21,161,92,4,6,0,21,4,6,0,21,0,21,0,21,0,21,0,21,0,21,4,7,4,7,0,21,0,21,0,21,0,21,0,21,0,21,0,21,48,47,0,21,48,47,0,21,0,21,0,21,0,21,0,21,0,21,15,24,0,21,15,24,2,7,0,21,2,7
0500000US48405,"San Augustine County, Texas",3051,238,2875,229,167,54,5,9,162,53,0,21,0,21,0,21,9,13,0,21,9,13,0,21,0,21,0,21,0,21,0,21,0,21,0,21,0,21,0,21,0,21,0,21,0,21,0,21,0,21,0,21,0,21,0,21,0,21,0,21,0,21,0,21,0,21,0,21,0,21,0,21,0,21,0,21
0500000US48407,"San Jacinto County, Texas",10064,447,8474,407,1443,268,267,143,1176,315,6,9,0,28,6,9,7,9,0,28,7,9,0,28,0,28,0,28,80,98,0,28,80,98,0,28,0,28,0,28,0,28,0,28,0,28,0,28,0,28,0,28,0,28,0,28,0,28,2,3,0,28,2,3,49,71,0,28,49,71,3,4,0,28,3,4
0500000US48409,"San Patricio County, Texas",23920,496,13273,603,10187,642,554,147,9633,613,10,13,0,35,10,13,34,31,0,35,34,31,8,12,0,35,8,12,95,77,48,73,47,27,0,35,0,35,0,35,100,59,21,24,79,57,16,20,6,12,10,17,66,55,0,35,66,55,119,90,0,35,119,90,7,11,0,35,7,11,5,8,0,35,5,8
0500000US48411,"San Saba County, Texas",2014,121,1504,110,462,91,26,20,436,90,0,21,0,21,0,21,25,33,0,21,25,33,0,21,0,21,0,21,0,21,0,21,0,21,0,21,0,21,0,21,0,21,0,21,0,21,4,5,4,5,0,21,0,21,0,21,0,21,0,21,0,21,0,21,0,21,0,21,0,21,19,28,19,28,0,21
0500000US48413,"Schleicher County, Texas",899,112,457,77,438,82,30,25,408,82,0,15,0,15,0,15,0,15,0,15,0,15,0,15,0,15,0,15,0,15,0,15,0,15,4,7,0,15,4,7,0,15,0,15,0,15,0,15,0,15,0,15,0,15,0,15,0,15,0,15,0,15,0,15,0,15,0,15,0,15,0,15,0,15,0,15
0500000US48415,"Scurry County, Texas",5693,268,4008,287,1634,256,206,93,1428,265,0,23,0,23,0,23,8,13,0,23,8,13,0,23,0,23,0,23,0,23,0,23,0,23,0,23,0,23,0,23,4,7,0,23,4,7,7,8,0,23,7,8,3,5,0,23,3,5,29,38,0,23,29,38,0,23,0,23,0,23,0,23,0,23,0,23
0500000US48417,"Shackelford County, Texas",1324,83,1227,86,74,37,0,15,74,37,0,15,0,15,0,15,16,22,0,15,16,22,0,15,0,15,0,15,0,15,0,15,0,15,7,11,0,15,7,11,0,15,0,15,0,15,0,15,0,15,0,15,0,15,0,15,0,15,0,15,0,15,0,15,0,15,0,15,0,15,0,15,0,15,0,15
0500000US48419,"Shelby County, Texas",8988,261,7747,294,1160,133,311,128,849,175,3,7,0,28,3,7,11,16,0,28,11,16,0,28,0,28,0,28,16,23,0,28,16,23,0,28,0,28,0,28,0,28,0,28,0,28,11,23,0,28,11,23,3,7,0,28,3,7,37,54,8,14,29,51,0,28,0,28,0,28,0,28,0,28,0,28
0500000US48421,"Sherman County, Texas",803,69,509,75,273,63,45,45,228,58,0,15,0,15,0,15,0,15,0,15,0,15,0,15,0,15,0,15,0,15,0,15,0,15,0,15,0,15,0,15,0,15,0,15,0,15,0,15,0,15,0,15,21,25,0,15,21,25,0,15,0,15,0,15,0,15,0,15,0,15,0,15,0,15,0,15
0500000US48423,"Smith County, Texas",81286,887,68300,936,10761,477,2489,410,8272,528,101,79,0,35,101,79,191,103,16,26,175,100,161,104,8,13,153,101,362,133,148,112,214,77,99,64,57,45,42,50,146,99,41,43,105,84,241,117,82,84,159,74,325,193,0,35,325,193,91,67,25,38,66,54,52,53,0,35,52,53,456,194,34,45,422,181
0500000US48425,"Somervell County, Texas",3345,189,2843,200,437,112,69,85,368,111,19,29,0,21,19,29,0,21,0,21,0,21,0,21,0,21,0,21,22,36,0,21,22,36,0,21,0,21,0,21,0,21,0,21,0,21,0,21,0,21,0,21,24,38,0,21,24,38,0,21,0,21,0,21,0,21,0,21,0,21,0,21,0,21,0,21
0500000US48427,"Starr County, Texas",18634,410,639,225,17966,481,5485,590,12481,631,0,35,0,35,0,35,0,35,0,35,0,35,0,35,0,35,0,35,0,35,0,35,0,35,0,35,0,35,0,35,0,35,0,35,0,35,0,35,0,35,0,35,0,35,0,35,0,35,29,55,0,35,29,55,0,35,0,35,0,35,0,35,0,35,0,35
0500000US48429,"Stephens County, Texas",3405,223,2871,222,492,134,127,111,365,124,8,12,0,21,8,12,0,21,0,21,0,21,0,21,0,21,0,21,0,21,0,21,0,21,0,21,0,21,0,21,0,21,0,21,0,21,10,5,0,21,10,5,0,21,0,21,0,21,8,10,0,21,8,10,0,21,0,21,0,21,16,27,0,21,16,27
0500000US48431,"Sterling County, Texas",392,54,284,50,108,50,9,17,99,49,0,15,0,15,0,15,0,15,0,15,0,15,0,15,0,15,0,15,0,15,0,15,0,15,0,15,0,15,0,15,0,15,0,15,0,15,0,15,0,15,0,15,0,15,0,15,0,15,0,15,0,15,0,15,0,15,0,15,0,15,0,15,0,15,0,15
0500000US48433,"Stonewall County, Texas",450,68,358,60,78,40,25,34,53,28,0,15,0,15,0,15,0,15,0,15,0,15,0,15,0,15,0,15,0,15,0,15,0,15,0,15,0,15,0,15,0,15,0,15,0,15,0,15,0,15,0,15,0,15,0,15,0,15,0,15,0,15,0,15,0,15,0,15,0,15,14,11,0,15,14,11
0500000US48435,"Sutton County, Texas",1068,139,361,106,697,139,138,99,559,118,0,15,0,15,0,15,0,15,0,15,0,15,0,15,0,15,0,15,0,15,0,15,0,15,0,15,0,15,0,15,0,15,0,15,0,15,0,15,0,15,0,15,10,16,0,15,10,16,0,15,0,15,0,15,0,15,0,15,0,15,0,15,0,15,0,15
0500000US48437,"Swisher County, Texas",2401,137,1574,123,822,132,77,53,745,134,0,21,0,21,0,21,0,21,0,21,0,21,0,21,0,21,0,21,0,21,0,21,0,21,0,21,0,21,0,21,1,2,1,2,0,21,0,21,0,21,0,21,0,21,0,21,0,21,0,21,0,21,0,21,4,8,0,21,4,8,0,21,0,21,0,21
0500000US48439,"Tarrant County, Texas",754969,2321,532419,2990,152508,2127,28418,1533,124090,2465,6354,922,1362,342,4992,921,2631,382,45,39,2586,379,1592,278,255,136,1337,258,14230,1109,1824,389,12406,1005,2514,443,675,221,1839,392,4226,533,937,207,3289,537,10294,688,3341,520,6953,571,2995,444,106,72,2889,431,7996,932,1086,231,6910,909,6436,973,1063,317,5373,936,10774,1035,1394,336,9380,1019
0500000US48441,"Taylor County, Texas",53888,644,40859,825,10554,654,904,222,9650,638,289,134,143,119,146,78,385,196,0,35,385,196,33,33,10,16,23,28,188,98,0,35,188,98,130,52,11,17,119,50,240,286,12,18,228,286,149,87,7,14,142,85,350,110,25,32,325,109,230,110,62,48,168,86,70,99,0,35,70,99,411,194,210,156,201,112
0500000US48443,"Terrell County, Texas",436,110,238,78,198,78,9,13,189,79,0,15,0,15,0,15,0,15,0,15,0,15,0,15,0,15,0,15,0,15,0,15,0,15,0,15,0,15,0,15,0,15,0,15,0,15,0,15,0,15,0,15,0,15,0,15,0,15,0,15,0,15,0,15,0,15,0,15,0,15,0,15,0,15,0,15
0500000US48445,"Terry County, Texas",4170,201,2111,263,1890,246,387,113,1503,260,5,11,0,23,5,11,153,68,43,45,110,63,0,23,0,23,0,23,0,23,0,23,0,23,0,23,0,23,0,23,0,23,0,23,0,23,0,23,0,23,0,23,3,4,0,23,3,4,0,23,0,23,0,23,0,23,0,23,0,23,8,15,0,23,8,15
0500000US48447,"Throckmorton County, Texas",635,69,571,65,49,31,12,18,37,19,0,15,0,15,0,15,7,9,0,15,7,9,4,6,0,15,4,6,0,15,0,15,0,15,0,15,0,15,0,15,0,15,0,15,0,15,0,15,0,15,0,15,4,5,0,15,4,5,0,15,0,15,0,15,0,15,0,15,0,15,0,15,0,15,0,15
0500000US48449,"Titus County, Texas",10802,273,7301,301,3330,278,715,174,2615,263,13,16,0,31,13,16,0,31,0,31,0,31,34,39,0,31,34,39,47,68,0,31,47,68,12,22,0,31,12,22,0,31,0,31,0,31,65,32,55,40,10,19,0,31,0,31,0,31,0,31,0,31,0,31,0,31,0,31,0,31,0,31,0,31,0,31
0500000US48451,"Tom Green County, Texas",45449,634,31107,935,13130,707,1447,330,11683,702,142,84,0,35,142,84,234,160,0,35,234,160,116,97,0,35,116,97,136,99,0,35,136,99,119,89,40,42,79,78,9,14,0,35,9,14,49,57,15,31,34,47,144,92,96,74,48,49,93,75,18,32,75,64,129,132,0,35,129,132,41,71,0,35,41,71
0500000US48453,"Travis County, Texas",538109,1698,371278,2992,112337,2099,19353,1298,92984,2020,3309,467,293,186,3016,437,3136,526,122,99,3014,518,2818,432,362,150,2456,390,13071,881,1058,316,12013,857,2680,436,522,163,2158,414,7360,745,1618,395,5742,713,4658,651,1309,301,3349,570,1595,358,116,104,1479,338,7662,807,1136,467,6526,681,2929,604,565,282,2364,524,5276,835,669,266,4607,800
0500000US48455,"Trinity County, Texas",5946,281,5245,245,590,124,190,106,400,105,46,55,0,23,46,55,9,15,0,23,9,15,17,27,0,23,17,27,15,25,0,23,15,25,0,23,0,23,0,23,20,17,0,23,20,17,4,8,0,23,4,8,0,23,0,23,0,23,0,23,0,23,0,23,0,23,0,23,0,23,0,23,0,23,0,23
0500000US48457,"Tyler County, Texas",6811,263,6253,271,373,132,36,42,337,131,59,43,0,23,59,43,27,20,0,23,27,20,0,23,0,23,0,23,28,31,3,6,25,31,1,2,0,23,1,2,0,23,0,23,0,23,27,27,27,27,0,23,38,47,0,23,38,47,5,9,0,23,5,9,0,23,0,23,0,23,0,23,0,23,0,23
0500000US48459,"Upshur County, Texas",14969,294,14052,342,765,170,73,77,692,153,10,9,0,31,10,9,25,40,0,31,25,40,0,31,0,31,0,31,22,23,0,31,22,23,12,19,12,19,0,31,0,31,0,31,0,31,0,31,0,31,0,31,52,69,0,31,52,69,31,32,18,20,13,25,0,31,0,31,0,31,0,31,0,31,0,31
0500000US48461,"Upton County, Texas",1363,84,712,88,642,80,84,41,558,84,0,15,0,15,0,15,0,15,0,15,0,15,0,15,0,15,0,15,0,15,0,15,0,15,0,15,0,15,0,15,0,15,0,15,0,15,5,8,0,15,5,8,0,15,0,15,0,15,4,6,0,15,4,6,0,15,0,15,0,15,0,15,0,15,0,15
0500000US48463,"Uvalde County, Texas",8420,344,3634,397,4586,433,716,214,3870,412,0,28,0,28,0,28,22,32,0,28,22,32,0,28,0,28,0,28,8,13,0,28,8,13,0,28,0,28,0,28,24,42,24,42,0,28,0,28,0,28,0,28,0,28,0,28,0,28,146,168,0,28,146,168,0,28,0,28,0,28,0,28,0,28,0,28
0500000US48465,"Val Verde County, Texas",16643,384,4275,426,12215,509,2305,489,9910,557,19,28,0,31,19,28,26,30,0,31,26,30,0,31,0,31,0,31,12,21,0,31,12,21,21,32,0,31,21,32,0,31,0,31,0,31,0,31,0,31,0,31,69,64,0,31,69,64,6,10,0,31,6,10,0,31,0,31,0,31,0,31,0,31,0,31
0500000US48467,"Van Zandt County, Texas",22326,459,20184,541,1902,291,301,143,1601,292,93,99,0,35,93,99,55,43,0,35,55,43,5,8,0,35,5,8,35,27,0,35,35,27,0,35,0,35,0,35,7,6,0,35,7,6,25,35,4,6,21,34,0,35,0,35,0,35,7,13,0,35,7,13,0,35,0,35,0,35,13,18,0,35,13,18
0500000US48469,"Victoria County, Texas",34265,463,24681,641,8859,577,768,228,8091,585,28,36,0,35,28,36,104,77,0,35,104,77,79,52,0,35,79,52,129,107,0,35,129,107,0,35,0,35,0,35,176,96,80,65,96,89,65,53,0,35,65,53,42,45,0,35,42,45,35,31,10,17,25,24,33,37,0,35,33,37,34,42,11,21,23,37
0500000US48471,"Walker County, Texas",24592,539,21127,670,2508,479,194,114,2314,492,55,52,0,35,55,52,13,21,0,35,13,21,51,55,0,35,51,55,58,60,0,35,58,60,17,19,11,21,6,10,40,60,40,60,0,35,10,17,0,35,10,17,100,103,0,35,100,103,64,70,0,35,64,70,0,35,0,35,0,35,549,227,81,101,468,238
0500000US48473,"Waller County, Texas",17780,357,12911,636,4468,515,1023,237,3445,525,19,27,0,35,19,27,95,81,5,8,90,81,6,12,0,35,6,12,88,90,0,35,88,90,0,35,0,35,0,35,13,24,0,35,13,24,30,31,0,35,30,31,32,44,16,31,16,30,93,81,10,17,83,76,17,26,0,35,17,26,8,25,0,35,8,25
0500000US48475,"Ward County, Texas",4264,183,2171,208,2071,204,199,71,1872,201,0,23,0,23,0,23,0,23,0,23,0,23,0,23,0,23,0,23,0,23,0,23,0,23,0,23,0,23,0,23,11,12,0,23,11,12,6,10,6,10,0,23,5,12,0,23,5,12,0,23,0,23,0,23,0,23,0,23,0,23,0,23,0,23,0,23
0500000US48477,"Washington County, Texas",14482,426,12625,434,1644,235,234,161,1410,240,0,31,0,31,0,31,62,66,0,31,62,66,94,83,0,31,94,83,0,31,0,31,0,31,24,41,24,41,0,31,0,31,0,31,0,31,0,31,0,31,0,31,33,33,0,31,33,33,0,31,0,31,0,31,0,31,0,31,0,31,0,31,0,31,0,31
0500000US48479,"Webb County, Texas",77797,684,4895,545,71947,853,20763,1053,51184,1169,208,187,0,35,208,187,0,35,0,35,0,35,94,77,13,23,81,72,79,85,8,13,71,84,144,121,0,35,144,121,101,82,28,31,73,78,194,137,0,35,194,137,43,51,16,23,27,54,29,54,0,35,29,54,57,64,0,35,57,64,6,10,6,10,0,35
0500000US48481,"Wharton County, Texas",15148,364,10977,432,3999,395,575,200,3424,418,9,22,0,31,9,22,80,53,0,31,80,53,15,16,0,31,15,16,32,29,8,13,24,28,1,2,1,2,0,31,25,30,0,31,25,30,9,17,0,31,9,17,0,31,0,31,0,31,1,4,0,31,1,4,0,31,0,31,0,31,0,31,0,31,0,31
0500000US48483,"Wheeler County, Texas",1908,109,1528,121,349,74,88,48,261,81,0,15,0,15,0,15,4,7,0,15,4,7,0,15,0,15,0,15,9,10,0,15,9,10,4,7,0,15,4,7,0,15,0,15,0,15,0,15,0,15,0,15,4,5,0,15,4,5,0,15,0,15,0,15,10,16,0,15,10,16,0,15,0,15,0,15
0500000US48485,"Wichita County, Texas",48604,561,40944,710,5761,488,1138,332,4623,484,151,94,6,9,145,95,160,80,4,7,156,80,96,122,0,35,96,122,285,160,135,133,150,78,70,74,0,35,70,74,79,59,18,27,61,53,236,104,90,60,146,89,156,77,31,47,125,67,229,114,23,20,206,112,201,273,0,35,201,273,236,114,10,17,226,114
0500000US48487,"Wilbarger County, Texas",4626,259,3710,246,803,167,131,78,672,169,5,8,0,23,5,8,0,23,0,23,0,23,0,23,0,23,0,23,3,4,0,23,3,4,0,23,0,23,0,23,0,23,0,23,0,23,0,23,0,23,0,23,43,63,0,23,43,63,62,23,0,23,62,23,0,23,0,23,0,23,0,23,0,23,0,23
0500000US48489,"Willacy County, Texas",5414,161,1118,187,4296,188,698,151,3598,233,0,28,0,28,0,28,0,28,0,28,0,28,0,28,0,28,0,28,0,28,0,28,0,28,0,28,0,28,0,28,0,28,0,28,0,28,0,28,0,28,0,28,0,28,0,28,0,28,0,28,0,28,0,28,0,28,0,28,0,28,0,28,0,28,0,28
0500000US48491,"Williamson County, Texas",229906,1123,164984,1867,37484,1246,3919,581,33565,1311,1519,383,71,62,1448,377,2166,543,14,19,2152,543,1447,351,206,113,1241,309,6416,581,778,229,5638,502,1739,424,512,179,1227,381,2547,351,774,201,1773,292,1309,312,196,110,1113,300,1060,290,103,92,957,283,6710,576,332,164,6378,558,1125,333,99,83,1026,320,1400,274,202,129,1198,298
0500000US48493,"Wilson County, Texas",17345,291,12005,376,4882,371,367,114,4515,377,0,35,0,35,0,35,128,90,0,35,128,90,219,85,20,25,199,80,30,46,3,8,27,46,0,35,0,35,0,35,0,35,0,35,0,35,27,40,0,35,27,40,0,35,0,35,0,35,43,48,0,35,43,48,0,35,0,35,0,35,11,17,0,35,11,17
0500000US48495,"Winkler County, Texas",2685,124,1128,139,1536,139,115,71,1421,154,0,21,0,21,0,21,0,21,0,21,0,21,0,21,0,21,0,21,0,21,0,21,0,21,0,21,0,21,0,21,0,21,0,21,0,21,21,31,21,31,0,21,0,21,0,21,0,21,0,21,0,21,0,21,0,21,0,21,0,21,0,21,0,21,0,21
0500000US48497,"Wise County, Texas",24079,401,20307,527,3223,301,686,252,2537,303,3,4,0,35,3,4,29,31,0,35,29,31,75,79,0,35,75,79,81,46,0,35,81,46,0,35,0,35,0,35,53,48,0,35,53,48,16,18,16,18,0,35,105,102,0,35,105,102,168,187,0,35,168,187,9,13,0,35,9,13,10,13,6,10,4,8
0500000US48499,"Wood County, Texas",17824,464,16354,447,1110,183,56,48,1054,192,45,55,0,31,45,55,134,80,0,31,134,80,0,31,0,31,0,31,39,36,0,31,39,36,0,31,0,31,0,31,8,12,1,3,7,12,22,23,22,23,0,31,9,12,0,31,9,12,35,28,0,31,35,28,40,63,0,31,40,63,28,39,0,31,28,39
0500000US48501,"Yoakum County, Texas",2654,148,977,130,1518,146,377,140,1141,202,0,21,0,21,0,21,134,82,7,12,127,82,0,21,0,21,0,21,25,32,0,21,25,32,0,21,0,21,0,21,0,21,0,21,0,21,0,21,0,21,0,21,0,21,0,21,0,21,0,21,0,21,0,21,0,21,0,21,0,21,0,21,0,21,0,21
0500000US48503,"Young County, Texas",7565,257,6507,278,943,146,251,111,692,170,19,22,0,23,19,22,14,17,0,23,14,17,0,23,0,23,0,23,3,7,0,23,3,7,23,40,0,23,23,40,0,23,0,23,0,23,0,23,0,23,0,23,3,5,0,23,3,5,30,52,0,23,30,52,23,30,0,23,23,30,0,23,0,23,0,23
0500000US48505,"Zapata County, Texas",4580,261,403,124,4177,288,1165,233,3012,314,0,23,0,23,0,23,0,23,0,23,0,23,0,23,0,23,0,23,0,23,0,23,0,23,0,23,0,23,0,23,0,23,0,23,0,23,0,23,0,23,0,23,0,23,0,23,0,23,0,23,0,23,0,23,0,23,0,23,0,23,0,23,0,23,0,23
0500000US48507,"Zavala County, Texas",3427,136,202,104,3225,166,448,191,2777,267,0,21,0,21,0,21,0,21,0,21,0,21,0,21,0,21,0,21,0,21,0,21,0,21,0,21,0,21,0,21,0,21,0,21,0,21,0,21,0,21,0,21,0,21,0,21,0,21,0,21,0,21,0,21,0,21,0,21,0,21,0,21,0,21,0,21