"GEO_ID","NAME","S1602_C01_001E","S1602_C01_001M","S1602_C01_002E","S1602_C01_002M","S1602_C01_003E","S1602_C01_003M","S1602_C01_004E","S1602_C01_004M","S1602_C01_005E","S1602_C01_005M","S1602_C02_001E","S1602_C02_001M","S1602_C02_002E","S1602_C02_002M","S1602_C02_003E","S1602_C02_003M","S1602_C02_004E","S1602_C02_004M","S1602_C02_005E","S1602_C02_005M","S1602_C03_001E","S1602_C03_001M","S1602_C03_002E","S1602_C03_002M","S1602_C03_003E","S1602_C03_003M","S1602_C03_004E","S1602_C03_004M","S1602_C03_005E","S1602_C03_005M","S1602_C04_001E","S1602_C04_001M","S1602_C04_002E","S1602_C04_002M","S1602_C04_003E","S1602_C04_003M","S1602_C04_004E","S1602_C04_004M","S1602_C04_005E","S1602_C04_005M",
"Geography","Geographic Area Name","Estimate!!Total!!All households","Margin of Error!!Total!!All households","Estimate!!Total!!All households!!Households speaking --!!Spanish","Margin of Error!!Total!!All households!!Households speaking --!!Spanish","Estimate!!Total!!All households!!Households speaking --!!Other Indo-European languages","Margin of Error!!Total!!All households!!Households speaking --!!Other Indo-European languages","Estimate!!Total!!All households!!Households speaking --!!Asian and Pacific Island languages","Margin of Error!!Total!!All households!!Households speaking --!!Asian and Pacific Island languages","Estimate!!Total!!All households!!Households speaking --!!Other languages","Margin of Error!!Total!!All households!!Households speaking --!!Other languages","Estimate!!Percent!!All households","Margin of Error!!Percent!!All households","Estimate!!Percent!!All households!!Households speaking --!!Spanish","Margin of Error!!Percent!!All households!!Households speaking --!!Spanish","Estimate!!Percent!!All households!!Households speaking --!!Other Indo-European languages","Margin of Error!!Percent!!All households!!Households speaking --!!Other Indo-European languages","Estimate!!Percent!!All households!!Households speaking --!!Asian and Pacific Island languages","Margin of Error!!Percent!!All households!!Households speaking --!!Asian and Pacific Island languages","Estimate!!Percent!!All households!!Households speaking --!!Other languages","Margin of Error!!Percent!!All households!!Households speaking --!!Other languages","Estimate!!Limited English-speaking households!!All households","Margin of Error!!Limited English-speaking households!!All households","Estimate!!Limited English-speaking households!!All households!!Households speaking --!!Spanish","Margin of Error!!Limited English-speaking households!!All households!!Households speaking --!!Spanish","Estimate!!Limited English-speaking households!!All households!!Households speaking --!!Other Indo-European languages","Margin of Error!!Limited English-speaking households!!All households!!Households speaking --!!Other Indo-European languages","Estimate!!Limited English-speaking households!!All households!!Households speaking --!!Asian and Pacific Island languages","Margin of Error!!Limited English-speaking households!!All households!!Households speaking --!!Asian and Pacific Island languages","Estimate!!Limited English-speaking households!!All households!!Households speaking --!!Other languages","Margin of Error!!Limited English-speaking households!!All households!!Households speaking --!!Other languages","Estimate!!Percent limited English-speaking households!!All households","Margin of Error!!Percent limited English-speaking households!!All households","Estimate!!Percent limited English-speaking households!!All households!!Households speaking --!!Spanish","Margin of Error!!Percent limited English-speaking households!!All households!!Households speaking --!!Spanish","Estimate!!Percent limited English-speaking households!!All households!!Households speaking --!!Other Indo-European languages","Margin of Error!!Percent limited English-speaking households!!All households!!Households speaking --!!Other Indo-European languages","Estimate!!Percent limited English-speaking households!!All households!!Households speaking --!!Asian and Pacific Island languages","Margin of Error!!Percent limited English-speaking households!!All households!!Households speaking --!!Asian and Pacific Island languages","Estimate!!Percent limited English-speaking households!!All households!!Households speaking --!!Other languages","Margin of Error!!Percent limited English-speaking households!!All households!!Households speaking --!!Other languages",
"0400000US48","Texas","10490553","15608","3061870","9837","314435","4718","369940","4843","136783","3772","(X)","(X)","29.2","0.1","3.0","0.1","3.5","0.1","1.3","0.1","729208","7967","607599","7711","29035","1474","76133","2192","16441","1320","7.0","0.1","19.8","0.3","9.2","0.4","20.6","0.6","12.0","0.9",
"0500000US48001","Anderson County, Texas","16899","459","1392","271","92","85","121","50","135","84","(X)","(X)","8.2","1.6","0.5","0.5","0.7","0.3","0.8","0.5","221","93","135","70","0","35","73","51","13","26","1.3","0.6","9.7","4.4","0.0","38.3","60.3","31.3","9.6","19.3",
"0500000US48003","Andrews County, Texas","6603","171","2945","229","18","35","48","63","73","102","(X)","(X)","44.6","3.2","0.3","0.5","0.7","0.9","1.1","1.5","590","213","590","213","0","23","0","23","0","23","8.9","3.2","20.0","7.0","0.0","86.7","0.0","53.1","0.0","43.1",
"0500000US48005","Angelina County, Texas","31583","510","4752","390","175","83","256","85","185","135","(X)","(X)","15.0","1.2","0.6","0.3","0.8","0.3","0.6","0.4","714","228","675","224","15","26","24","26","0","35","2.3","0.7","14.2","4.4","8.6","13.9","9.4","10.6","0.0","23.4",
"0500000US48007","Aransas County, Texas","11412","504","2412","427","173","105","273","201","3","5","(X)","(X)","21.1","3.4","1.5","0.9","2.4","1.8","0.0","0.1","374","226","316","214","0","28","58","99","0","28","3.3","1.9","13.1","8.3","0.0","24.7","21.2","36.8","0.0","100.0",
"0500000US48009","Archer County, Texas","3367","121","182","65","48","34","3","5","0","21","(X)","(X)","5.4","1.9","1.4","1.0","0.1","0.2","0.0","1.5","65","33","62","34","0","21","3","5","0","21","1.9","1.0","34.1","16.8","0.0","53.1","100.0","100.0","-","**",
"0500000US48011","Armstrong County, Texas","725","69","55","26","0","15","2","3","2","3","(X)","(X)","7.6","3.4","0.0","6.7","0.3","0.4","0.3","0.5","0","15","0","15","0","15","0","15","0","15","0.0","6.7","0.0","49.6","-","**","0.0","100.0","0.0","100.0",
"0500000US48013","Atascosa County, Texas","15920","452","7099","464","176","101","21","29","39","51","(X)","(X)","44.6","2.5","1.1","0.6","0.1","0.2","0.2","0.3","1237","382","1237","382","0","31","0","31","0","31","7.8","2.4","17.4","5.2","0.0","24.4","0.0","80.3","0.0","58.9",
"0500000US48015","Austin County, Texas","11913","331","2565","326","535","181","78","69","4","7","(X)","(X)","21.5","2.5","4.5","1.5","0.7","0.6","0.0","0.1","162","110","132","101","30","47","0","31","0","31","1.4","0.9","5.1","3.9","5.6","9.7","0.0","41.6","0.0","100.0",
"0500000US48017","Bailey County, Texas","1933","229","968","227","30","37","13","16","0","21","(X)","(X)","50.1","7.7","1.6","1.9","0.7","0.8","0.0","2.6","239","128","239","128","0","21","0","21","0","21","12.4","6.4","24.7","12.3","0.0","67.2","0.0","100.0","-","**",
"0500000US48019","Bandera County, Texas","8532","301","1289","196","168","74","53","40","0","28","(X)","(X)","15.1","2.3","2.0","0.9","0.6","0.5","0.0","0.6","160","115","115","107","45","47","0","28","0","28","1.9","1.3","8.9","7.9","26.8","23.8","0.0","50.5","-","**",
"0500000US48021","Bastrop County, Texas","33259","671","8798","617","592","190","252","133","111","102","(X)","(X)","26.5","1.7","1.8","0.6","0.8","0.4","0.3","0.3","1132","342","1032","315","29","38","71","111","0","35","3.4","1.0","11.7","3.7","4.9","6.4","28.2","31.0","0.0","34.4",
"0500000US48023","Baylor County, Texas","1477","97","139","64","24","29","24","35","0","15","(X)","(X)","9.4","4.2","1.6","2.0","1.6","2.4","0.0","3.3","8","16","8","16","0","15","0","15","0","15","0.5","1.1","5.8","12.9","0.0","75.1","0.0","75.1","-","**",
"0500000US48025","Bee County, Texas","8563","288","4147","358","110","71","18","15","6","9","(X)","(X)","48.4","4.0","1.3","0.8","0.2","0.2","0.1","0.1","407","155","382","151","18","28","7","12","0","31","4.8","1.8","9.2","3.7","16.4","23.2","38.9","54.4","0.0","100.0",
"0500000US48027","Bell County, Texas","134495","1042","23319","980","4131","469","4688","600","1380","343","(X)","(X)","17.3","0.7","3.1","0.4","3.5","0.4","1.0","0.3","3575","447","2744","409","184","141","566","177","81","88","2.7","0.3","11.8","1.7","4.5","3.3","12.1","3.5","5.9","6.4",
"0500000US48029","Bexar County, Texas","730119","2597","306817","3520","14624","1335","17305","898","4775","735","(X)","(X)","42.0","0.5","2.0","0.2","2.4","0.1","0.7","0.1","47348","1904","41741","1725","1424","307","3364","533","819","275","6.5","0.3","13.6","0.5","9.7","2.0","19.4","2.8","17.2","4.9",
"0500000US48031","Blanco County, Texas","4836","230","431","107","66","42","79","68","0","23","(X)","(X)","8.9","2.2","1.4","0.9","1.6","1.4","0.0","1.0","75","57","71","57","0","23","4","7","0","23","1.6","1.2","16.5","12.6","0.0","45.3","5.1","10.7","-","**",
"0500000US48033","Borden County, Texas","215","39","10","11","3","4","0","15","0","15","(X)","(X)","4.7","4.9","1.4","2.0","0.0","20.6","0.0","20.6","0","15","0","15","0","15","0","15","0","15","0.0","20.6","0.0","100.0","0.0","100.0","-","**","-","**",
"0500000US48035","Bosque County, Texas","7277","219","1128","156","55","35","51","30","7","11","(X)","(X)","15.5","2.0","0.8","0.5","0.7","0.4","0.1","0.2","109","49","92","46","1","3","16","22","0","23","1.5","0.7","8.2","3.9","1.8","5.0","31.4","28.8","0.0","100.0",
"0500000US48037","Bowie County, Texas","34486","459","1424","217","417","199","301","90","32","29","(X)","(X)","4.1","0.6","1.2","0.6","0.9","0.3","0.1","0.1","393","153","279","134","60","60","54","49","0","35","1.1","0.4","19.6","8.9","14.4","15.5","17.9","15.4","0.0","65.0",
"0500000US48039","Brazoria County, Texas","127264","1090","28510","971","2450","524","6633","488","1336","615","(X)","(X)","22.4","0.7","1.9","0.4","5.2","0.4","1.0","0.5","4720","574","3238","542","77","49","1379","350","26","44","3.7","0.4","11.4","1.9","3.1","2.1","20.8","5.1","1.9","3.3",
"0500000US48041","Brazos County, Texas","86289","1012","14295","761","2653","337","4247","478","973","233","(X)","(X)","16.6","0.9","3.1","0.4","4.9","0.6","1.1","0.3","3619","444","2246","369","224","120","965","262","184","115","4.2","0.5","15.7","2.4","8.4","4.7","22.7","5.5","18.9","10.6",
"0500000US48043","Brewster County, Texas","4958","221","1846","277","50","43","29","48","34","54","(X)","(X)","37.2","5.1","1.0","0.9","0.6","1.0","0.7","1.1","389","191","389","191","0","21","0","21","0","21","7.8","3.9","21.1","9.8","0.0","52.0","0.0","68.3","0.0","63.1",
"0500000US48045","Briscoe County, Texas","581","74","123","47","0","15","0","15","0","15","(X)","(X)","21.2","7.7","0.0","8.2","0.0","8.2","0.0","8.2","6","9","6","9","0","15","0","15","0","15","1.0","1.5","4.9","6.8","-","**","-","**","-","**",
"0500000US48047","Brooks County, Texas","2652","259","2264","256","0","21","0","21","0","21","(X)","(X)","85.4","5.5","0.0","1.9","0.0","1.9","0.0","1.9","229","141","229","141","0","21","0","21","0","21","8.6","5.3","10.1","6.3","-","**","-","**","-","**",
"0500000US48049","Brown County, Texas","14977","386","3006","322","143","74","38","30","16","18","(X)","(X)","20.1","2.0","1.0","0.5","0.3","0.2","0.1","0.1","307","127","285","125","5","9","17","23","0","31","2.0","0.8","9.5","4.1","3.5","7.1","44.7","43.0","0.0","92.0",
"0500000US48051","Burleson County, Texas","7586","243","1199","197","42","29","36","25","0","23","(X)","(X)","15.8","2.5","0.6","0.4","0.5","0.3","0.0","0.7","229","135","222","134","0","23","7","10","0","23","3.0","1.8","18.5","10.2","0.0","56.8","19.4","40.2","-","**",
"0500000US48053","Burnet County, Texas","18629","549","2592","389","136","66","54","46","24","28","(X)","(X)","13.9","1.9","0.7","0.4","0.3","0.2","0.1","0.1","160","86","160","86","0","31","0","31","0","31","0.9","0.5","6.2","3.4","0.0","29.8","0.0","50.1","0.0","75.1",
"0500000US48055","Caldwell County, Texas","15087","302","5838","353","55","38","97","83","36","34","(X)","(X)","38.7","2.2","0.4","0.3","0.6","0.5","0.2","0.2","1044","291","1044","291","0","31","0","31","0","31","6.9","1.9","17.9","4.9","0.0","49.6","0.0","37.3","0.0","61.3",
"0500000US48057","Calhoun County, Texas","8045","377","2267","280","22","21","273","63","30","44","(X)","(X)","28.2","3.3","0.3","0.3","3.4","0.8","0.4","0.5","390","128","273","123","0","28","117","51","0","28","4.8","1.6","12.0","5.3","0.0","78.4","42.9","15.8","0.0","67.2",
"0500000US48059","Callahan County, Texas","5270","205","533","141","109","74","20","27","0","23","(X)","(X)","10.1","2.6","2.1","1.4","0.4","0.5","0.0","0.9","21","20","11","13","10","15","0","23","0","23","0.4","0.4","2.1","2.6","9.2","14.2","0.0","82.3","-","**",
"0500000US48061","Cameron County, Texas","132538","978","102458","1309","638","171","685","143","179","167","(X)","(X)","77.3","0.8","0.5","0.1","0.5","0.1","0.1","0.1","20489","1226","20287","1203","71","53","131","74","0","35","15.5","0.9","19.8","1.2","11.1","7.7","19.1","10.1","0.0","24.0",
"0500000US48063","Camp County, Texas","4443","268","469","107","41","42","12","19","35","52","(X)","(X)","10.6","2.4","0.9","0.9","0.3","0.4","0.8","1.2","67","60","67","60","0","23","0","23","0","23","1.5","1.3","14.3","11.7","0.0","57.4","0.0","100.0","0.0","62.2",
"0500000US48065","Carson County, Texas","2260","95","111","61","5","7","0","21","0","21","(X)","(X)","4.9","2.7","0.2","0.3","0.0","2.2","0.0","2.2","0","21","0","21","0","21","0","21","0","21","0.0","2.2","0.0","34.4","0.0","100.0","-","**","-","**",
"0500000US48067","Cass County, Texas","11530","319","245","75","111","80","198","78","10","12","(X)","(X)","2.1","0.6","1.0","0.7","1.7","0.7","0.1","0.1","105","83","12","18","0","28","93","82","0","28","0.9","0.7","4.9","8.3","0.0","34.4","47.0","40.1","0.0","100.0",
"0500000US48069","Castro County, Texas","2384","155","1269","130","0","21","46","48","0","21","(X)","(X)","53.2","4.3","0.0","2.1","1.9","2.0","0.0","2.1","172","86","141","67","0","21","31","48","0","21","7.2","3.5","11.1","5.3","-","**","67.4","50.0","-","**",
"0500000US48071","Chambers County, Texas","15744","439","3202","404","153","105","229","115","72","119","(X)","(X)","20.3","2.4","1.0","0.7","1.5","0.7","0.5","0.8","250","159","198","143","0","31","52","71","0","31","1.6","1.0","6.2","4.6","0.0","27.3","22.7","30.9","0.0","43.3",
"0500000US48073","Cherokee County, Texas","18069","429","3180","306","8","14","135","74","5","11","(X)","(X)","17.6","1.6","0.0","0.1","0.7","0.4","0.0","0.1","755","186","712","181","0","35","43","39","0","35","4.2","1.0","22.4","5.2","0.0","100.0","31.9","31.5","0.0","100.0",
"0500000US48075","Childress County, Texas","1892","229","438","151","0","21","0","21","0","21","(X)","(X)","23.2","7.4","0.0","2.6","0.0","2.6","0.0","2.6","57","79","57","79","0","21","0","21","0","21","3.0","4.1","13.0","16.2","-","**","-","**","-","**",
"0500000US48077","Clay County, Texas","4204","166","161","53","19","20","33","23","8","12","(X)","(X)","3.8","1.2","0.5","0.5","0.8","0.5","0.2","0.3","0","23","0","23","0","23","0","23","0","23","0.0","1.2","0.0","26.2","0.0","84.4","0.0","64.0","0.0","100.0",
"0500000US48079","Cochran County, Texas","959","59","489","44","19","22","0","15","1","5","(X)","(X)","51.0","3.7","2.0","2.2","0.0","5.1","0.1","0.6","117","39","98","34","19","22","0","15","0","15","12.2","4.0","20.0","6.7","100.0","84.4","-","**","0.0","100.0",
"0500000US48081","Coke County, Texas","1487","93","223","59","0","15","12","15","0","15","(X)","(X)","15.0","3.8","0.0","3.3","0.8","1.0","0.0","3.3","44","41","44","41","0","15","0","15","0","15","3.0","2.8","19.7","18.1","-","**","0.0","100.0","-","**",
"0500000US48083","Coleman County, Texas","3210","206","497","127","7","9","29","29","0","21","(X)","(X)","15.5","3.8","0.2","0.3","0.9","0.9","0.0","1.5","20","26","16","26","4","6","0","21","0","21","0.6","0.8","3.2","5.2","57.1","57.1","0.0","68.3","-","**",
"0500000US48085","Collin County, Texas","383675","1391","46282","1453","31810","1606","37832","1423","9679","958","(X)","(X)","12.1","0.4","8.3","0.4","9.9","0.4","2.5","0.2","16471","1136","6247","712","2800","467","6619","747","805","366","4.3","0.3","13.5","1.6","8.8","1.4","17.5","1.8","8.3","3.5",
"0500000US48087","Collingsworth County, Texas","1018","117","147","61","47","28","0","15","0","15","(X)","(X)","14.4","5.3","4.6","2.8","0.0","4.8","0.0","4.8","57","41","57","41","0","15","0","15","0","15","5.6","3.8","38.8","23.3","0.0","53.7","-","**","-","**",
"0500000US48089","Colorado County, Texas","7376","293","1665","229","68","44","29","47","36","51","(X)","(X)","22.6","2.9","0.9","0.6","0.4","0.6","0.5","0.7","177","104","164","105","13","22","0","28","0","28","2.4","1.4","9.8","5.9","19.1","26.4","0.0","68.3","0.0","61.3",
"0500000US48091","Comal County, Texas","63957","737","11794","828","1302","325","639","176","163","98","(X)","(X)","18.4","1.3","2.0","0.5","1.0","0.3","0.3","0.2","1186","355","1106","329","29","43","51","60","0","35","1.9","0.6","9.4","2.8","2.2","3.3","8.0","9.5","0.0","25.9",
"0500000US48093","Comanche County, Texas","5340","221","1077","152","67","50","21","18","9","12","(X)","(X)","20.2","2.5","1.3","0.9","0.4","0.3","0.2","0.2","125","61","124","61","1","4","0","23","0","23","2.3","1.1","11.5","5.6","1.5","6.8","0.0","80.3","0.0","100.0",
"0500000US48095","Concho County, Texas","816","74","241","73","3","6","6","7","2","5","(X)","(X)","29.5","7.8","0.4","0.8","0.7","0.9","0.2","0.6","44","39","41","39","3","6","0","15","0","15","5.4","4.7","17.0","15.1","100.0","100.0","0.0","100.0","0.0","100.0",
"0500000US48097","Cooke County, Texas","16196","302","1801","222","151","102","66","53","2","4","(X)","(X)","11.1","1.4","0.9","0.6","0.4","0.3","0.0","0.1","487","227","468","221","12","21","7","15","0","31","3.0","1.4","26.0","11.3","7.9","14.1","10.6","21.3","0.0","100.0",
"0500000US48099","Coryell County, Texas","25156","444","2999","347","955","202","730","171","36","32","(X)","(X)","11.9","1.3","3.8","0.8","2.9","0.7","0.1","0.1","510","176","366","132","29","31","104","81","11","17","2.0","0.7","12.2","4.1","3.0","3.3","14.2","10.0","30.6","43.3",
"0500000US48101","Cottle County, Texas","692","137","96","49","2","6","0","15","0","15","(X)","(X)","13.9","6.7","0.3","0.8","0.0","7.0","0.0","7.0","2","3","2","3","0","15","0","15","0","15","0.3","0.5","2.1","3.9","0.0","100.0","-","**","-","**",
"0500000US48103","Crane County, Texas","1670","85","897","139","13","26","32","23","0","15","(X)","(X)","53.7","7.6","0.8","1.5","1.9","1.4","0.0","2.9","208","177","208","177","0","15","0","15","0","15","12.5","10.5","23.2","18.4","0.0","100.0","0.0","65.0","-","**",
"0500000US48105","Crockett County, Texas","1289","155","726","166","0","15","0","15","0","15","(X)","(X)","56.3","9.7","0.0","3.8","0.0","3.8","0.0","3.8","0","15","0","15","0","15","0","15","0","15","0.0","3.8","0.0","6.7","-","**","-","**","-","**",
"0500000US48107","Crosby County, Texas","1994","88","836","80","9","8","27","27","0","21","(X)","(X)","41.9","3.9","0.5","0.4","1.4","1.4","0.0","2.5","101","46","76","37","0","21","25","27","0","21","5.1","2.3","9.1","4.4","0.0","100.0","92.6","26.7","-","**",
"0500000US48109","Culberson County, Texas","629","230","459","181","0","15","8","13","0","15","(X)","(X)","73.0","11.5","0.0","7.6","1.3","2.0","0.0","7.6","149","104","149","104","0","15","0","15","0","15","23.7","12.9","32.5","16.6","-","**","0.0","100.0","-","**",
"0500000US48111","Dallam County, Texas","2333","199","666","144","103","85","0","21","0","21","(X)","(X)","28.5","5.2","4.4","3.5","0.0","2.1","0.0","2.1","192","107","190","107","2","4","0","21","0","21","8.2","4.7","28.5","15.2","1.9","5.1","-","**","-","**",
"0500000US48113","Dallas County, Texas","959184","2410","282630","2672","34502","1443","41754","1293","22946","1414","(X)","(X)","29.5","0.3","3.6","0.2","4.4","0.1","2.4","0.1","83783","2212","67730","2186","3690","523","8915","761","3448","566","8.7","0.2","24.0","0.8","10.7","1.4","21.4","1.7","15.0","2.4",
"0500000US48115","Dawson County, Texas","4133","188","2048","200","57","40","0","23","5","12","(X)","(X)","49.6","4.0","1.4","1.0","0.0","1.2","0.1","0.3","277","96","258","95","19","18","0","23","0","23","6.7","2.3","12.6","4.6","33.3","28.2","-","**","0.0","100.0",
"0500000US48117","Deaf Smith County, Texas","6022","201","3594","233","10","14","13","27","9","15","(X)","(X)","59.7","3.5","0.2","0.2","0.2","0.5","0.1","0.2","644","195","640","194","0","23","4","10","0","23","10.7","3.2","17.8","5.3","0.0","100.0","30.8","58.5","0.0","100.0",
"0500000US48119","Delta County, Texas","2106","118","46","34","7","12","10","13","0","21","(X)","(X)","2.2","1.6","0.3","0.6","0.5","0.6","0.0","2.3","9","13","9","13","0","21","0","21","0","21","0.4","0.6","19.6","27.6","0.0","100.0","0.0","100.0","-","**",
"0500000US48121","Denton County, Texas","334504","1296","46100","1274","14691","898","20500","834","5248","667","(X)","(X)","13.8","0.4","4.4","0.3","6.1","0.2","1.6","0.2","11556","1044","6604","932","1054","288","3705","403","193","122","3.5","0.3","14.3","1.9","7.2","1.8","18.1","1.9","3.7","2.3",
"0500000US48123","DeWitt County, Texas","6586","246","1178","193","90","44","7","12","0","23","(X)","(X)","17.9","2.9","1.4","0.7","0.1","0.2","0.0","0.8","95","70","95","70","0","23","0","23","0","23","1.4","1.1","8.1","5.9","0.0","38.8","0.0","100.0","-","**",
"0500000US48125","Dickens County, Texas","638","69","98","37","3","6","0","15","0","15","(X)","(X)","15.4","5.3","0.5","0.9","0.0","7.5","0.0","7.5","7","11","7","11","0","15","0","15","0","15","1.1","1.7","7.1","10.5","0.0","100.0","-","**","-","**",
"0500000US48127","Dimmit County, Texas","2808","248","2364","244","4","8","12","13","27","31","(X)","(X)","84.2","4.7","0.1","0.3","0.4","0.5","1.0","1.1","344","162","340","162","4","8","0","21","0","21","12.3","5.6","14.4","6.6","100.0","100.0","0.0","100.0","0.0","70.8",
"0500000US48129","Donley County, Texas","1198","100","52","37","4","6","13","16","0","15","(X)","(X)","4.3","3.0","0.3","0.5","1.1","1.4","0.0","4.1","32","39","32","39","0","15","0","15","0","15","2.7","3.3","61.5","43.9","0.0","100.0","0.0","100.0","-","**",
"0500000US48131","Duval County, Texas","2892","185","2254","191","39","59","0","21","0","21","(X)","(X)","77.9","6.0","1.3","2.0","0.0","1.7","0.0","1.7","148","95","148","95","0","21","0","21","0","21","5.1","3.3","6.6","4.3","0.0","58.9","-","**","-","**",
"0500000US48133","Eastland County, Texas","7083","326","961","198","50","46","77","83","1","2","(X)","(X)","13.6","2.6","0.7","0.6","1.1","1.2","0.0","0.1","73","59","69","58","0","23","4","7","0","23","1.0","0.8","7.2","6.4","0.0","52.0","5.2","10.7","0.0","100.0",
"0500000US48135","Ector County, Texas","60676","631","31537","1146","537","187","750","306","624","302","(X)","(X)","52.0","1.7","0.9","0.3","1.2","0.5","1.0","0.5","5395","760","5278","761","13","21","104","86","0","35","8.9","1.2","16.7","2.3","2.4","4.0","13.9","12.8","0.0","7.7",
"0500000US48137","Edwards County, Texas","526","113","234","81","0","15","0","15","0","15","(X)","(X)","44.5","13.0","0.0","9.1","0.0","9.1","0.0","9.1","59","41","59","41","0","15","0","15","0","15","11.2","7.3","25.2","17.1","-","**","-","**","-","**",
"0500000US48139","Ellis County, Texas","65686","546","12762","675","699","211","400","113","320","180","(X)","(X)","19.4","1.0","1.1","0.3","0.6","0.2","0.5","0.3","1551","343","1441","339","9","15","72","62","29","25","2.4","0.5","11.3","2.6","1.3","2.2","18.0","13.4","9.1","9.5",
"0500000US48141","El Paso County, Texas","292580","1366","217218","2016","3615","497","3610","366","935","314","(X)","(X)","74.2","0.6","1.2","0.2","1.2","0.1","0.3","0.1","58209","1833","56929","1781","371","175","746","220","163","211","19.9","0.6","26.2","0.8","10.3","4.4","20.7","5.8","17.4","19.6",
"0500000US48143","Erath County, Texas","16007","418","2046","321","273","128","105","59","21","34","(X)","(X)","12.8","1.9","1.7","0.8","0.7","0.4","0.1","0.2","502","201","470","194","0","31","32","44","0","31","3.1","1.3","23.0","8.8","0.0","16.7","30.5","36.8","0.0","80.3",
"0500000US48145","Falls County, Texas","5499","257","600","127","58","43","0","23","33","33","(X)","(X)","10.9","2.3","1.1","0.8","0.0","0.9","0.6","0.6","128","83","125","82","3","6","0","23","0","23","2.3","1.5","20.8","11.9","5.2","12.5","-","**","0.0","64.0",
"0500000US48147","Fannin County, Texas","12699","308","1044","192","123","53","52","36","33","42","(X)","(X)","8.2","1.5","1.0","0.4","0.4","0.3","0.3","0.3","169","139","151","136","18","27","0","31","0","31","1.3","1.1","14.5","11.5","14.6","19.0","0.0","51.0","0.0","64.0",
"0500000US48149","Fayette County, Texas","9310","372","1189","163","259","124","39","39","0","28","(X)","(X)","12.8","1.5","2.8","1.3","0.4","0.4","0.0","0.5","35","30","32","31","3","5","0","28","0","28","0.4","0.3","2.7","2.6","1.2","1.8","0.0","58.9","-","**",
"0500000US48151","Fisher County, Texas","1514","118","350","82","12","17","4","7","0","15","(X)","(X)","23.1","4.6","0.8","1.1","0.3","0.5","0.0","3.2","53","39","49","39","0","15","4","7","0","15","3.5","2.6","14.0","10.4","0.0","100.0","100.0","100.0","-","**",
"0500000US48153","Floyd County, Texas","1938","127","802","106","5","7","0","21","0","21","(X)","(X)","41.4","4.9","0.3","0.4","0.0","2.5","0.0","2.5","142","67","142","67","0","21","0","21","0","21","7.3","3.3","17.7","7.5","0.0","100.0","-","**","-","**",
"0500000US48155","Foard County, Texas","462","74","39","37","0","15","1","2","0","15","(X)","(X)","8.4","7.5","0.0","10.2","0.2","0.5","0.0","10.2","17","31","17","31","0","15","0","15","0","15","3.7","6.2","43.6","50.5","-","**","0.0","100.0","-","**",
"0500000US48157","Fort Bend County, Texas","270136","1304","51907","1515","25034","1712","33705","1544","11925","1512","(X)","(X)","19.2","0.5","9.3","0.6","12.5","0.6","4.4","0.6","16209","1230","7543","975","1505","291","6580","856","581","369","6.0","0.4","14.5","1.9","6.0","1.2","19.5","2.4","4.9","3.1",
"0500000US48159","Franklin County, Texas","3782","184","476","73","76","62","10","16","0","23","(X)","(X)","12.6","1.8","2.0","1.7","0.3","0.4","0.0","1.3","105","79","105","79","0","23","0","23","0","23","2.8","2.1","22.1","16.3","0.0","42.2","0.0","100.0","-","**",
"0500000US48161","Freestone County, Texas","6701","259","604","143","40","41","11","15","0","23","(X)","(X)","9.0","2.1","0.6","0.6","0.2","0.2","0.0","0.7","54","57","54","57","0","23","0","23","0","23","0.8","0.9","8.9","9.6","0.0","58.2","0.0","100.0","-","**",
"0500000US48163","Frio County, Texas","4709","416","3163","372","0","23","17","36","0","23","(X)","(X)","67.2","5.7","0.0","1.1","0.4","0.8","0.0","1.1","673","283","673","283","0","23","0","23","0","23","14.3","5.8","21.3","8.3","-","**","0.0","89.2","-","**",
"0500000US48165","Gaines County, Texas","6909","204","2491","311","1711","304","32","52","22","29","(X)","(X)","36.1","4.2","24.8","4.3","0.5","0.7","0.3","0.4","1030","298","560","212","470","193","0","28","0","28","14.9","4.3","22.5","8.6","27.5","9.3","0.0","65.0","0.0","78.4",
"0500000US48167","Galveston County, Texas","135275","952","24100","1038","3776","543","4054","404","621","253","(X)","(X)","17.8","0.8","2.8","0.4","3.0","0.3","0.5","0.2","3802","601","3020","570","303","153","441","183","38","41","2.8","0.4","12.5","2.2","8.0","3.7","10.9","4.5","6.1","7.0",
"0500000US48169","Garza County, Texas","1677","157","422","132","0","21","12","18","10","15","(X)","(X)","25.2","7.7","0.0","2.9","0.7","1.1","0.6","0.9","44","51","34","49","0","21","0","21","10","15","2.6","3.0","8.1","11.6","-","**","0.0","100.0","100.0","100.0",
"0500000US48171","Gillespie County, Texas","11035","409","1497","197","498","157","40","40","0","28","(X)","(X)","13.6","1.7","4.5","1.4","0.4","0.4","0.0","0.5","234","133","215","130","19","22","0","28","0","28","2.1","1.2","14.4","8.4","3.8","4.8","0.0","58.2","-","**",
"0500000US48173","Glasscock County, Texas","415","54","100","54","33","38","0","15","8","15","(X)","(X)","24.1","12.2","8.0","9.0","0.0","11.3","1.9","3.5","25","28","25","28","0","15","0","15","0","15","6.0","6.7","25.0","24.4","0.0","64.0","-","**","0.0","100.0",
"0500000US48175","Goliad County, Texas","2720","158","692","125","48","48","2","5","0","21","(X)","(X)","25.4","4.2","1.8","1.8","0.1","0.2","0.0","1.8","87","57","87","57","0","21","0","21","0","21","3.2","2.1","12.6","8.4","0.0","53.1","0.0","100.0","-","**",
"0500000US48177","Gonzales County, Texas","7412","210","2430","229","33","33","89","52","6","10","(X)","(X)","32.8","3.2","0.4","0.4","1.2","0.7","0.1","0.1","585","155","528","145","0","23","57","51","0","23","7.9","2.0","21.7","5.8","0.0","64.0","64.0","25.5","0.0","100.0",
"0500000US48179","Gray County, Texas","8021","235","1583","219","35","31","41","55","2","3","(X)","(X)","19.7","2.6","0.4","0.4","0.5","0.7","0.0","0.1","383","164","383","164","0","28","0","28","0","28","4.8","2.0","24.2","9.0","0.0","62.2","0.0","57.4","0.0","100.0",
"0500000US48181","Grayson County, Texas","52084","687","4556","442","665","195","390","105","87","68","(X)","(X)","8.7","0.8","1.3","0.4","0.7","0.2","0.2","0.1","918","254","773","255","25","40","120","85","0","35","1.8","0.5","17.0","5.0","3.8","6.3","30.8","18.8","0.0","39.4",
"0500000US48183","Gregg County, Texas","47008","677","5821","397","312","127","574","258","177","150","(X)","(X)","12.4","0.8","0.7","0.3","1.2","0.5","0.4","0.3","987","213","889","217","38","45","60","47","0","35","2.1","0.4","15.3","3.8","12.2","13.4","10.5","9.6","0.0","24.3",
"0500000US48185","Grimes County, Texas","9769","293","1616","210","155","93","38","48","13","23","(X)","(X)","16.5","2.1","1.6","1.0","0.4","0.5","0.1","0.2","341","180","341","180","0","28","0","28","0","28","3.5","1.8","21.1","10.2","0.0","27.0","0.0","59.7","0.0","100.0",
"0500000US48187","Guadalupe County, Texas","60463","634","15194","803","1244","305","934","201","95","70","(X)","(X)","25.1","1.3","2.1","0.5","1.5","0.3","0.2","0.1","1586","367","1328","327","99","108","159","107","0","35","2.6","0.6","8.7","2.1","8.0","8.3","17.0","11.5","0.0","37.7",
"0500000US48189","Hale County, Texas","10997","375","5287","396","104","71","10","16","52","59","(X)","(X)","48.1","2.9","0.9","0.6","0.1","0.1","0.5","0.5","647","179","588","159","22","31","0","31","37","54","5.9","1.6","11.1","3.0","21.2","24.9","0.0","100.0","71.2","48.4",
"0500000US48191","Hall County, Texas","1145","82","316","48","0","15","4","5","0","15","(X)","(X)","27.6","3.9","0.0","4.3","0.3","0.5","0.0","4.3","31","26","31","26","0","15","0","15","0","15","2.7","2.3","9.8","7.9","-","**","0.0","100.0","-","**",
"0500000US48193","Hamilton County, Texas","3131","175","255","72","112","79","1","2","0","21","(X)","(X)","8.1","2.2","3.6","2.5","0.0","0.1","0.0","1.6","15","13","9","15","6","11","0","21","0","21","0.5","0.4","3.5","5.7","5.4","10.7","0.0","100.0","-","**",
"0500000US48195","Hansford County, Texas","1763","115","657","97","0","21","0","21","0","21","(X)","(X)","37.3","5.0","0.0","2.8","0.0","2.8","0.0","2.8","199","98","199","98","0","21","0","21","0","21","11.3","5.4","30.3","12.9","-","**","-","**","-","**",
"0500000US48197","Hardeman County, Texas","1304","104","221","73","5","8","10","11","41","57","(X)","(X)","16.9","5.5","0.4","0.6","0.8","0.9","3.1","4.3","71","63","67","63","0","15","4","7","0","15","5.4","4.8","30.3","23.6","0.0","100.0","40.0","53.3","0.0","57.4",
"0500000US48199","Hardin County, Texas","20845","539","1220","251","87","52","55","37","15","28","(X)","(X)","5.9","1.2","0.4","0.2","0.3","0.2","0.1","0.1","189","139","189","139","0","35","0","35","0","35","0.9","0.7","15.5","10.7","0.0","39.4","0.0","49.6","0.0","95.0",
"0500000US48201","Harris County, Texas","1692896","4042","578129","3804","69150","2671","88379","2223","33738","1701","(X)","(X)","34.2","0.2","4.1","0.2","5.2","0.1","2.0","0.1","190569","3806","157200","3621","6614","756","22797","1237","3958","594","11.3","0.2","27.2","0.6","9.6","1.1","25.8","1.3","11.7","1.7",
"0500000US48203","Harrison County, Texas","24993","565","2308","319","136","82","94","49","99","77","(X)","(X)","9.2","1.2","0.5","0.3","0.4","0.2","0.4","0.3","444","147","373","135","40","46","31","36","0","35","1.8","0.6","16.2","5.7","29.4","30.7","33.0","31.3","0.0","36.9",
"0500000US48205","Hartley County, Texas","1626","91","257","102","65","42","0","21","0","21","(X)","(X)","15.8","6.1","4.0","2.6","0.0","3.0","0.0","3.0","4","10","4","10","0","21","0","21","0","21","0.2","0.6","1.6","3.7","0.0","45.6","-","**","-","**",
"0500000US48207","Haskell County, Texas","2090","119","404","73","3","6","4","6","0","21","(X)","(X)","19.3","3.4","0.1","0.3","0.2","0.3","0.0","2.4","73","39","73","39","0","21","0","21","0","21","3.5","1.9","18.1","10.0","0.0","100.0","0.0","100.0","-","**",
"0500000US48209","Hays County, Texas","89328","783","23820","1202","1822","410","996","256","442","285","(X)","(X)","26.7","1.3","2.0","0.5","1.1","0.3","0.5","0.3","3032","655","2689","601","159","139","47","45","137","220","3.4","0.7","11.3","2.4","8.7","7.1","4.7","4.5","31.0","39.2",
"0500000US48211","Hemphill County, Texas","1345","94","368","60","27","23","0","15","0","15","(X)","(X)","27.4","4.3","2.0","1.7","0.0","3.6","0.0","3.6","23","28","23","28","0","15","0","15","0","15","1.7","2.1","6.3","7.8","0.0","70.8","-","**","-","**",
"0500000US48213","Henderson County, Texas","31973","592","2762","325","331","127","190","93","2","16","(X)","(X)","8.6","1.0","1.0","0.4","0.6","0.3","0.0","0.1","581","188","451","182","69","53","61","40","0","35","1.8","0.6","16.3","6.2","20.8","16.1","32.1","22.4","0.0","100.0",
"0500000US48215","Hidalgo County, Texas","257499","1634","220335","1956","1393","287","2295","273","240","127","(X)","(X)","85.6","0.5","0.5","0.1","0.9","0.1","0.1","0.1","48428","2478","47953","2460","110","79","308","135","57","58","18.8","0.9","21.8","1.1","7.9","5.8","13.4","5.9","23.8","22.4",
"0500000US48217","Hill County, Texas","13390","270","1871","132","111","74","90","38","12","15","(X)","(X)","14.0","0.9","0.8","0.6","0.7","0.3","0.1","0.1","299","84","262","78","1","2","36","33","0","31","2.2","0.6","14.0","4.1","0.9","2.7","40.0","29.6","0.0","100.0",
"0500000US48219","Hockley County, Texas","7922","228","2976","221","47","42","0","28","23","21","(X)","(X)","37.6","2.5","0.6","0.5","0.0","0.6","0.3","0.3","379","108","357","103","22","29","0","28","0","28","4.8","1.3","12.0","3.3","46.8","50.3","-","**","0.0","76.7",
"0500000US48221","Hood County, Texas","24734","556","2142","371","282","115","108","56","0","35","(X)","(X)","8.7","1.5","1.1","0.5","0.4","0.2","0.0","0.2","346","181","315","174","11","19","20","26","0","35","1.4","0.7","14.7","8.2","3.9","6.6","18.5","24.3","-","**",
"0500000US48223","Hopkins County, Texas","13781","261","1627","154","152","68","84","38","11","12","(X)","(X)","11.8","1.1","1.1","0.5","0.6","0.3","0.1","0.1","307","111","274","106","0","31","33","37","0","31","2.2","0.8","16.8","6.5","0.0","27.4","39.3","40.2","0.0","100.0",
"0500000US48225","Houston County, Texas","7464","237","489","127","48","48","43","42","0","28","(X)","(X)","6.6","1.7","0.6","0.7","0.6","0.6","0.0","0.7","128","71","118","70","0","28","10","16","0","28","1.7","0.9","24.1","12.1","0.0","53.1","23.3","33.6","-","**",
"0500000US48227","Howard County, Texas","12010","300","3239","323","129","83","102","58","27","40","(X)","(X)","27.0","2.6","1.1","0.7","0.8","0.5","0.2","0.3","297","135","269","138","28","35","0","31","0","31","2.5","1.1","8.3","4.2","21.7","26.0","0.0","36.2","0.0","70.8",
"0500000US48229","Hudspeth County, Texas","890","55","691","80","7","9","16","28","0","15","(X)","(X)","77.6","7.4","0.8","1.0","1.8","3.1","0.0","5.5","259","86","254","84","5","8","0","15","0","15","29.1","9.6","36.8","10.9","71.4","54.6","0.0","92.0","-","**",
"0500000US48231","Hunt County, Texas","36560","598","3946","310","404","133","380","120","189","145","(X)","(X)","10.8","0.8","1.1","0.4","1.0","0.3","0.5","0.4","839","247","655","217","10","16","61","58","113","143","2.3","0.7","16.6","5.2","2.5","3.9","16.1","14.8","59.8","44.8",
"0500000US48233","Hutchinson County, Texas","6711","259","1044","150","23","21","25","26","0","28","(X)","(X)","15.6","2.1","0.3","0.3","0.4","0.4","0.0","0.7","126","94","126","94","0","28","0","28","0","28","1.9","1.4","12.1","8.5","0.0","76.7","0.0","73.6","-","**",
"0500000US48235","Irion County, Texas","647","69","155","52","0","15","0","15","0","15","(X)","(X)","24.0","7.4","0.0","7.4","0.0","7.4","0.0","7.4","5","8","5","8","0","15","0","15","0","15","0.8","1.2","3.2","5.0","-","**","-","**","-","**",
"0500000US48237","Jack County, Texas","2997","137","202","50","10","14","17","25","4","11","(X)","(X)","6.7","1.6","0.3","0.5","0.6","0.8","0.1","0.4","86","40","86","40","0","21","0","21","0","21","2.9","1.3","42.6","16.5","0.0","100.0","0.0","89.2","0.0","100.0",
"0500000US48239","Jackson County, Texas","5235","260","1163","183","68","55","33","33","0","23","(X)","(X)","22.2","3.2","1.3","1.0","0.6","0.6","0.0","0.9","212","119","188","113","24","37","0","23","0","23","4.0","2.2","16.2","8.7","35.3","43.8","0.0","64.0","-","**",
"0500000US48241","Jasper County, Texas","13142","445","719","267","205","116","64","51","0","31","(X)","(X)","5.5","2.0","1.6","0.9","0.5","0.4","0.0","0.4","123","81","55","58","59","58","9","15","0","31","0.9","0.6","7.6","9.2","28.8","27.4","14.1","25.9","-","**",
"0500000US48243","Jeff Davis County, Texas","1095","138","281","168","8","12","0","15","18","26","(X)","(X)","25.7","13.3","0.7","1.2","0.0","4.5","1.6","2.4","178","165","174","165","4","8","0","15","0","15","16.3","13.9","61.9","30.4","50.0","50.0","-","**","0.0","86.7",
"0500000US48245","Jefferson County, Texas","93193","942","14539","622","2021","382","2280","303","275","115","(X)","(X)","15.6","0.6","2.2","0.4","2.4","0.3","0.3","0.1","4428","511","3526","456","462","174","433","149","7","15","4.8","0.5","24.3","3.0","22.9","7.4","19.0","5.8","2.5","5.2",
"0500000US48247","Jim Hogg County, Texas","1342","223","1039","152","0","15","3","6","0","15","(X)","(X)","77.4","13.0","0.0","3.7","0.2","0.4","0.0","3.7","54","33","54","33","0","15","0","15","0","15","4.0","2.5","5.2","3.0","-","**","0.0","100.0","-","**",
"0500000US48249","Jim Wells County, Texas","12914","696","8489","690","66","66","11","53","50","79","(X)","(X)","65.7","3.5","0.5","0.5","0.1","0.4","0.4","0.6","1030","307","1030","307","0","31","0","31","0","31","8.0","2.3","12.1","3.2","0.0","45.3","0.0","100.0","0.0","52.0",
"0500000US48251","Johnson County, Texas","62297","590","9051","654","608","233","863","178","279","134","(X)","(X)","14.5","1.0","1.0","0.4","1.4","0.3","0.4","0.2","1816","426","1543","410","103","98","143","94","27","44","2.9","0.7","17.0","4.4","16.9","14.1","16.6","10.6","9.7","15.0",
"0500000US48253","Jones County, Texas","5917","221","922","177","75","64","22","24","0","23","(X)","(X)","15.6","2.9","1.3","1.1","0.4","0.4","0.0","0.8","210","117","202","114","0","23","8","13","0","23","3.5","1.9","21.9","11.4","0.0","42.5","36.4","45.6","-","**",
"0500000US48255","Karnes County, Texas","4359","299","1262","212","101","54","90","86","0","23","(X)","(X)","29.0","4.9","2.3","1.2","2.1","1.9","0.0","1.1","231","98","155","63","5","7","71","78","0","23","5.3","2.2","12.3","5.3","5.0","6.8","78.9","45.3","-","**",
"0500000US48257","Kaufman County, Texas","47899","469","8653","439","771","268","645","187","953","279","(X)","(X)","18.1","0.9","1.6","0.6","1.3","0.4","2.0","0.6","1094","270","785","243","25","47","121","121","163","129","2.3","0.6","9.1","2.8","3.2","6.2","18.8","16.0","17.1","11.8",
"0500000US48259","Kendall County, Texas","16763","396","2373","333","187","103","232","147","14","17","(X)","(X)","14.2","1.9","1.1","0.6","1.4","0.9","0.1","0.1","288","151","238","122","4","14","46","72","0","31","1.7","0.9","10.0","5.1","2.1","7.6","19.8","29.0","0.0","98.3",
"0500000US48261","Kenedy County, Texas","38","32","38","32","0","15","0","15","0","15","(X)","(X)","100.0","59.7","0.0","59.7","0.0","59.7","0.0","59.7","18","18","18","18","0","15","0","15","0","15","47.4","34.6","47.4","34.6","-","**","-","**","-","**",
"0500000US48263","Kent County, Texas","246","65","24","22","0","15","0","15","0","15","(X)","(X)","9.8","9.1","0.0","18.3","0.0","18.3","0.0","18.3","12","19","12","19","0","15","0","15","0","15","4.9","8.1","50.0","47.7","-","**","-","**","-","**",
"0500000US48265","Kerr County, Texas","22024","464","2970","378","160","74","76","48","94","113","(X)","(X)","13.5","1.7","0.7","0.3","0.3","0.2","0.4","0.5","299","151","291","150","8","14","0","35","0","35","1.4","0.7","9.8","5.0","5.0","8.9","0.0","42.2","0.0","37.9",
"0500000US48267","Kimble County, Texas","1715","179","378","83","0","15","0","15","13","16","(X)","(X)","22.0","4.6","0.0","2.9","0.0","2.9","0.8","1.0","51","38","51","38","0","15","0","15","0","15","3.0","2.2","13.5","9.4","-","**","-","**","0.0","100.0",
"0500000US48269","King County, Texas","80","30","11","12","0","15","0","15","0","15","(X)","(X)","13.8","13.7","0.0","41.1","0.0","41.1","0.0","41.1","0","15","0","15","0","15","0","15","0","15","0.0","41.1","0.0","100.0","-","**","-","**","-","**",
"0500000US48271","Kinney County, Texas","1105","153","433","126","0","15","0","15","0","15","(X)","(X)","39.2","9.8","0.0","4.4","0.0","4.4","0.0","4.4","28","40","28","40","0","15","0","15","0","15","2.5","3.6","6.5","8.8","-","**","-","**","-","**",
"0500000US48273","Kleberg County, Texas","11915","435","5726","482","111","77","231","131","43","60","(X)","(X)","48.1","3.8","0.9","0.6","1.9","1.1","0.4","0.5","521","182","461","173","60","57","0","31","0","31","4.4","1.5","8.1","3.0","54.1","37.0","0.0","19.3","0.0","56.1",
"0500000US48275","Knox County, Texas","1248","79","344","55","58","57","0","15","0","15","(X)","(X)","27.6","4.0","4.6","4.4","0.0","3.9","0.0","3.9","92","64","44","28","48","57","0","15","0","15","7.4","5.0","12.8","8.0","82.8","33.7","-","**","-","**",
"0500000US48277","Lamar County, Texas","20122","351","1167","195","453","204","145","69","189","121","(X)","(X)","5.8","1.0","2.3","1.0","0.7","0.3","0.9","0.6","300","176","109","70","81","95","0","35","110","105","1.5","0.9","9.3","6.3","17.9","18.6","0.0","28.4","58.2","35.1",
"0500000US48279","Lamb County, Texas","4632","154","1893","145","10","9","4","7","0","23","(X)","(X)","40.9","2.5","0.2","0.2","0.1","0.2","0.0","1.1","211","93","206","94","5","8","0","23","0","23","4.6","2.0","10.9","4.9","50.0","50.0","0.0","100.0","-","**",
"0500000US48281","Lampasas County, Texas","7934","310","973","150","258","111","124","101","0","28","(X)","(X)","12.3","1.9","3.3","1.4","1.6","1.3","0.0","0.6","70","44","45","34","0","28","25","32","0","28","0.9","0.6","4.6","3.4","0.0","17.5","20.2","34.9","-","**",
"0500000US48283","La Salle County, Texas","1688","244","1473","224","0","21","0","21","0","21","(X)","(X)","87.3","6.7","0.0","2.9","0.0","2.9","0.0","2.9","133","72","133","72","0","21","0","21","0","21","7.9","4.3","9.0","5.0","-","**","-","**","-","**",
"0500000US48285","Lavaca County, Texas","8206","219","1017","150","261","81","39","18","11","15","(X)","(X)","12.4","1.9","3.2","1.0","0.5","0.2","0.1","0.2","168","85","139","77","17","15","12","17","0","28","2.0","1.0","13.7","7.7","6.5","5.6","30.8","42.5","0.0","100.0",
"0500000US48287","Lee County, Texas","6313","301","994","158","199","103","11","23","0","23","(X)","(X)","15.7","2.5","3.2","1.6","0.2","0.4","0.0","0.8","289","183","287","184","2","3","0","23","0","23","4.6","2.8","28.9","17.3","1.0","1.7","0.0","100.0","-","**",
"0500000US48289","Leon County, Texas","6397","335","621","143","120","106","3","4","0","23","(X)","(X)","9.7","2.2","1.9","1.7","0.0","0.1","0.0","0.8","135","61","133","60","0","23","2","4","0","23","2.1","1.0","21.4","9.5","0.0","32.7","66.7","66.7","-","**",
"0500000US48291","Liberty County, Texas","28921","602","6423","425","185","103","144","70","47","39","(X)","(X)","22.2","1.4","0.6","0.4","0.5","0.2","0.2","0.1","1334","327","1302","321","3","5","29","35","0","35","4.6","1.1","20.3","4.8","1.6","2.6","20.1","24.6","0.0","53.7",
"0500000US48293","Limestone County, Texas","8195","258","1352","165","47","43","74","44","14","23","(X)","(X)","16.5","1.9","0.6","0.5","0.9","0.5","0.2","0.3","249","115","158","85","33","40","44","46","14","23","3.0","1.4","11.7","5.9","70.2","38.7","59.5","44.0","100.0","98.3",
"0500000US48295","Lipscomb County, Texas","1135","82","276","67","2","4","0","15","11","16","(X)","(X)","24.3","5.4","0.2","0.4","0.0","4.3","1.0","1.4","73","43","62","43","0","15","0","15","11","16","6.4","3.7","22.5","12.5","0.0","100.0","-","**","100.0","100.0",
"0500000US48297","Live Oak County, Texas","4153","230","1241","195","127","106","104","123","0","23","(X)","(X)","29.9","4.0","3.1","2.6","2.5","2.9","0.0","1.2","153","71","131","65","0","23","22","30","0","23","3.7","1.7","10.6","5.2","0.0","31.4","21.2","45.2","-","**",
"0500000US48299","Llano County, Texas","9612","412","724","189","131","64","25","22","0","28","(X)","(X)","7.5","2.0","1.4","0.7","0.3","0.2","0.0","0.5","78","75","78","75","0","28","0","28","0","28","0.8","0.8","10.8","10.1","0.0","30.7","0.0","73.6","-","**",
"0500000US48301","Loving County, Texas","40","25","11","18","0","15","5","6","0","15","(X)","(X)","27.5","32.8","0.0","58.2","12.5","14.9","0.0","58.2","5","6","0","15","0","15","5","6","0","15","12.5","14.9","0.0","100.0","-","**","100.0","100.0","-","**",
"0500000US48303","Lubbock County, Texas","121685","895","28004","1011","1681","335","2122","273","1071","228","(X)","(X)","23.0","0.8","1.4","0.3","1.7","0.2","0.9","0.2","3130","565","2425","485","299","159","313","126","93","86","2.6","0.5","8.7","1.7","17.8","7.8","14.8","5.9","8.7","7.6",
"0500000US48305","Lynn County, Texas","2053","88","673","78","22","15","7","9","7","12","(X)","(X)","32.8","3.4","1.1","0.7","0.3","0.4","0.3","0.6","80","39","78","38","1","4","1","2","0","21","3.9","1.9","11.6","5.2","4.5","17.5","14.3","29.9","0.0","100.0",
"0500000US48307","McCulloch County, Texas","3186","220","955","140","38","39","14","20","0","21","(X)","(X)","30.0","3.9","1.2","1.2","0.4","0.6","0.0","1.6","83","54","80","54","3","6","0","21","0","21","2.6","1.7","8.4","5.6","7.9","19.9","0.0","98.3","-","**",
"0500000US48309","McLennan County, Texas","94985","797","17390","842","1557","326","974","203","289","137","(X)","(X)","18.3","0.8","1.6","0.3","1.0","0.2","0.3","0.1","5793","601","5452","603","157","105","149","99","35","56","6.1","0.6","31.4","3.4","10.1","6.4","15.3","9.8","12.1","18.3",
"0500000US48311","McMullen County, Texas","202","54","52","32","0","15","0","15","0","15","(X)","(X)","25.7","13.9","0.0","21.7","0.0","21.7","0.0","21.7","0","15","0","15","0","15","0","15","0","15","0.0","21.7","0.0","51.0","-","**","-","**","-","**",
"0500000US48313","Madison County, Texas","4081","237","547","124","51","48","7","14","0","23","(X)","(X)","13.4","2.8","1.2","1.2","0.2","0.3","0.0","1.2","126","74","119","75","7","10","0","23","0","23","3.1","1.8","21.8","12.1","13.7","20.8","0.0","100.0","-","**",
"0500000US48315","Marion County, Texas","4014","254","121","56","23","18","39","34","0","21","(X)","(X)","3.0","1.4","0.6","0.4","1.0","0.8","0.0","1.2","57","54","42","44","0","21","15","26","0","21","1.4","1.3","34.7","34.8","0.0","76.7","38.5","51.2","-","**",
"0500000US48317","Martin County, Texas","1912","128","708","112","85","69","0","21","0","21","(X)","(X)","37.0","6.3","4.4","3.6","0.0","2.6","0.0","2.6","86","66","86","66","0","21","0","21","0","21","4.5","3.5","12.1","9.6","0.0","39.9","-","**","-","**",
"0500000US48319","Mason County, Texas","1519","137","233","76","44","27","4","7","0","15","(X)","(X)","15.3","4.6","2.9","1.8","0.3","0.5","0.0","3.2","80","62","73","61","7","11","0","15","0","15","5.3","3.8","31.3","22.3","15.9","25.0","0.0","100.0","-","**",
"0500000US48321","Matagorda County, Texas","14073","437","3777","401","127","87","229","107","25","37","(X)","(X)","26.8","2.8","0.9","0.6","1.6","0.8","0.2","0.3","875","251","670","226","0","31","205","103","0","31","6.2","1.8","17.7","6.1","0.0","31.4","89.5","11.9","0.0","73.6",
"0500000US48323","Maverick County, Texas","17901","437","16876","507","20","34","13","22","239","66","(X)","(X)","94.3","1.5","0.1","0.2","0.1","0.1","1.3","0.4","4696","543","4679","545","0","35","0","35","17","20","26.2","3.0","27.7","3.2","0.0","82.3","0.0","100.0","7.1","8.1",
"0500000US48325","Medina County, Texas","17296","400","6271","476","240","145","10","41","70","60","(X)","(X)","36.3","2.7","1.4","0.8","0.1","0.2","0.4","0.3","547","193","547","193","0","35","0","35","0","35","3.2","1.1","8.7","2.9","0.0","18.7","0.0","100.0","0.0","44.0",
"0500000US48327","Menard County, Texas","905","138","325","95","0","15","0","15","0","15","(X)","(X)","35.9","9.1","0.0","5.4","0.0","5.4","0.0","5.4","99","65","99","65","0","15","0","15","0","15","10.9","6.5","30.5","16.1","-","**","-","**","-","**",
"0500000US48329","Midland County, Texas","65265","789","22525","1077","596","244","1003","231","779","339","(X)","(X)","34.5","1.5","0.9","0.4","1.5","0.4","1.2","0.5","3221","622","2766","568","19","21","234","121","202","222","4.9","0.9","12.3","2.6","3.2","3.6","23.3","11.2","25.9","24.7",
"0500000US48331","Milam County, Texas","9767","265","1962","216","51","35","59","51","14","22","(X)","(X)","20.1","2.1","0.5","0.4","0.6","0.5","0.1","0.2","476","169","473","169","3","5","0","28","0","28","4.9","1.7","24.1","8.4","5.9","12.3","0.0","47.9","0.0","98.3",
"0500000US48333","Mills County, Texas","1833","125","377","113","24","23","10","12","0","15","(X)","(X)","20.6","6.0","1.3","1.3","0.5","0.6","0.0","2.7","21","35","21","35","0","15","0","15","0","15","1.1","1.9","5.6","8.8","0.0","75.1","0.0","100.0","-","**",
"0500000US48335","Mitchell County, Texas","2411","215","556","133","8","12","2","3","0","21","(X)","(X)","23.1","5.1","0.3","0.5","0.1","0.1","0.0","2.0","84","58","84","58","0","21","0","21","0","21","3.5","2.4","15.1","9.3","0.0","100.0","0.0","100.0","-","**",
"0500000US48337","Montague County, Texas","7907","292","718","175","46","38","0","28","0","28","(X)","(X)","9.1","2.1","0.6","0.5","0.0","0.6","0.0","0.6","53","51","44","50","9","13","0","28","0","28","0.7","0.6","6.1","6.9","19.6","30.0","-","**","-","**",
"0500000US48339","Montgomery County, Texas","224474","1500","42715","1478","6253","670","5459","574","1760","503","(X)","(X)","19.0","0.6","2.8","0.3","2.4","0.3","0.8","0.2","7237","900","6068","779","367","159","718","340","84","65","3.2","0.4","14.2","1.9","5.9","2.6","13.2","5.7","4.8","3.7",
"0500000US48341","Moore County, Texas","6989","294","3281","259","32","52","166","116","359","131","(X)","(X)","46.9","2.9","0.5","0.7","2.4","1.6","5.1","1.8","998","243","682","167","0","28","78","70","238","121","14.3","3.3","20.8","4.7","0.0","65.0","47.0","33.0","66.3","18.7",
"0500000US48343","Morris County, Texas","4879","233","315","92","24","31","27","9","48","78","(X)","(X)","6.5","1.8","0.5","0.6","0.6","0.2","1.0","1.6","0","23","0","23","0","23","0","23","0","23","0.0","1.0","0.0","14.6","0.0","75.1","0.0","70.8","0.0","53.1",
"0500000US48345","Motley County, Texas","460","68","45","25","0","15","0","15","0","15","(X)","(X)","9.8","5.2","0.0","10.3","0.0","10.3","0.0","10.3","10","14","10","14","0","15","0","15","0","15","2.2","3.1","22.2","28.3","-","**","-","**","-","**",
"0500000US48347","Nacogdoches County, Texas","24893","416","3319","316","124","77","181","83","28","49","(X)","(X)","13.3","1.2","0.5","0.3","0.7","0.3","0.1","0.2","750","198","707","197","11","14","32","40","0","35","3.0","0.8","21.3","5.7","8.9","14.8","17.7","20.7","0.0","69.5",
"0500000US48349","Navarro County, Texas","18058","422","3472","263","66","41","233","106","34","35","(X)","(X)","19.2","1.4","0.4","0.2","1.3","0.6","0.2","0.2","798","208","793","209","0","35","5","9","0","35","4.4","1.2","22.8","5.6","0.0","45.3","2.1","3.8","0.0","63.1",
"0500000US48351","Newton County, Texas","4787","248","12","15","73","64","37","34","0","23","(X)","(X)","0.3","0.3","1.5","1.3","0.8","0.7","0.0","1.0","0","23","0","23","0","23","0","23","0","23","0.0","1.0","0.0","100.0","0.0","43.1","0.0","60.5","-","**",
"0500000US48353","Nolan County, Texas","5670","191","1757","182","67","54","5","9","0","23","(X)","(X)","31.0","2.9","1.2","0.9","0.1","0.2","0.0","0.9","310","124","276","109","29","45","5","9","0","23","5.5","2.2","15.7","6.0","43.3","45.3","100.0","100.0","-","**",
"0500000US48355","Nueces County, Texas","130122","1059","56042","1408","1482","286","2543","344","318","149","(X)","(X)","43.1","1.0","1.1","0.2","2.0","0.3","0.2","0.1","5953","631","5353","605","68","49","462","151","70","91","4.6","0.5","9.6","1.0","4.6","3.2","18.2","5.8","22.0","22.2",
"0500000US48357","Ochiltree County, Texas","3684","173","1627","167","38","33","0","21","1","3","(X)","(X)","44.2","3.4","1.0","0.9","0.0","1.3","0.0","0.1","368","150","367","150","0","21","0","21","1","3","10.0","4.0","22.6","8.3","0.0","59.7","-","**","100.0","100.0",
"0500000US48359","Oldham County, Texas","631","68","91","37","0","15","1","3","0","15","(X)","(X)","14.4","5.7","0.0","7.6","0.2","0.4","0.0","7.6","9","9","8","8","0","15","1","3","0","15","1.4","1.5","8.8","8.1","-","**","100.0","100.0","-","**",
"0500000US48361","Orange County, Texas","31274","614","2079","402","793","251","235","93","54","49","(X)","(X)","6.6","1.3","2.5","0.8","0.8","0.3","0.2","0.2","386","206","316","200","21","19","49","60","0","35","1.2","0.7","15.2","8.6","2.6","2.6","20.9","24.0","0.0","50.1",
"0500000US48363","Palo Pinto County, Texas","10640","319","1210","186","107","42","23","26","0","28","(X)","(X)","11.4","1.7","1.0","0.4","0.2","0.2","0.0","0.5","268","100","268","100","0","28","0","28","0","28","2.5","0.9","22.1","7.9","0.0","35.2","0.0","76.7","-","**",
"0500000US48365","Panola County, Texas","8062","322","415","125","93","94","66","64","0","28","(X)","(X)","5.1","1.5","1.2","1.2","0.8","0.8","0.0","0.6","114","80","80","55","0","28","34","60","0","28","1.4","1.0","19.3","12.2","0.0","38.1","51.5","51.5","-","**",
"0500000US48367","Parker County, Texas","52622","572","4734","452","530","188","365","100","50","54","(X)","(X)","9.0","0.8","1.0","0.4","0.7","0.2","0.1","0.1","986","275","860","257","63","68","29","29","34","50","1.9","0.5","18.2","5.1","11.9","11.8","7.9","8.1","68.0","46.0",
"0500000US48369","Parmer County, Texas","3203","153","1695","134","38","29","0","21","0","21","(X)","(X)","52.9","3.3","1.2","0.9","0.0","1.5","0.0","1.5","393","125","391","125","2","3","0","21","0","21","12.3","3.8","23.1","7.3","5.3","9.8","-","**","-","**",
"0500000US48371","Pecos County, Texas","5070","180","3162","250","60","65","32","49","34","55","(X)","(X)","62.4","4.5","1.2","1.3","0.6","1.0","0.7","1.1","276","148","276","148","0","23","0","23","0","23","5.4","2.9","8.7","4.6","0.0","47.5","0.0","65.0","0.0","63.1",
"0500000US48373","Polk County, Texas","18084","482","2054","312","57","45","112","71","197","116","(X)","(X)","11.4","1.7","0.3","0.2","0.6","0.4","1.1","0.6","263","162","255","162","0","35","0","35","8","8","1.5","0.9","12.4","7.9","0.0","48.7","0.0","34.2","4.1","4.2",
"0500000US48375","Potter County, Texas","42824","543","11094","518","316","117","1343","178","659","227","(X)","(X)","25.9","1.2","0.7","0.3","3.1","0.4","1.5","0.5","2423","450","1825","385","47","43","349","150","202","137","5.7","1.0","16.5","3.2","14.9","12.3","26.0","9.9","30.7","16.3",
"0500000US48377","Presidio County, Texas","2275","248","1639","280","0","21","0","21","0","21","(X)","(X)","72.0","8.2","0.0","2.2","0.0","2.2","0.0","2.2","655","226","655","226","0","21","0","21","0","21","28.8","9.4","40.0","13.8","-","**","-","**","-","**",
"0500000US48379","Rains County, Texas","4710","264","321","144","32","43","37","25","32","37","(X)","(X)","6.8","3.0","0.7","0.9","0.8","0.5","0.7","0.8","151","113","129","112","0","23","22","26","0","23","3.2","2.4","40.2","26.0","0.0","65.0","59.5","46.6","0.0","65.0",
"0500000US48381","Randall County, Texas","54984","648","6721","608","1083","330","638","179","330","174","(X)","(X)","12.2","1.1","2.0","0.6","1.2","0.3","0.6","0.3","778","249","467","193","68","60","211","127","32","47","1.4","0.5","6.9","2.9","6.3","5.6","33.1","15.4","9.7","16.3",
"0500000US48383","Reagan County, Texas","1090","103","591","91","0","15","29","23","0","15","(X)","(X)","54.2","7.8","0.0","4.5","2.7","2.1","0.0","4.5","85","54","69","49","0","15","16","19","0","15","7.8","5.0","11.7","8.3","-","**","55.2","55.2","-","**",
"0500000US48385","Real County, Texas","992","114","176","68","0","15","0","15","0","15","(X)","(X)","17.7","6.4","0.0","4.9","0.0","4.9","0.0","4.9","12","13","12","13","0","15","0","15","0","15","1.2","1.2","6.8","6.4","-","**","-","**","-","**",
"0500000US48387","Red River County, Texas","4662","210","222","77","50","39","9","10","2","5","(X)","(X)","4.8","1.7","1.1","0.8","0.2","0.2","0.0","0.1","74","55","74","55","0","23","0","23","0","23","1.6","1.2","33.3","21.7","0.0","52.0","0.0","100.0","0.0","100.0",
"0500000US48389","Reeves County, Texas","4117","206","2755","280","0","23","12","20","0","23","(X)","(X)","66.9","6.9","0.0","1.2","0.3","0.5","0.0","1.2","624","215","624","215","0","23","0","23","0","23","15.2","5.2","22.6","7.2","-","**","0.0","100.0","-","**",
"0500000US48391","Refugio County, Texas","2235","147","938","110","7","10","4","5","4","8","(X)","(X)","42.0","4.2","0.3","0.4","0.2","0.2","0.2","0.4","81","38","75","40","6","9","0","21","0","21","3.6","1.7","8.0","4.4","85.7","57.4","0.0","100.0","0.0","100.0",
"0500000US48393","Roberts County, Texas","320","55","11","12","18","20","0","15","0","15","(X)","(X)","3.4","3.8","5.6","6.1","0.0","14.4","0.0","14.4","0","15","0","15","0","15","0","15","0","15","0.0","14.4","0.0","100.0","0.0","86.7","-","**","-","**",
"0500000US48395","Robertson County, Texas","6309","226","777","152","22","19","0","23","30","46","(X)","(X)","12.3","2.3","0.3","0.3","0.0","0.8","0.5","0.7","121","94","121","94","0","23","0","23","0","23","1.9","1.5","15.6","11.8","0.0","78.4","-","**","0.0","67.2",
"0500000US48397","Rockwall County, Texas","37881","425","4501","497","1001","232","877","196","297","145","(X)","(X)","11.9","1.3","2.6","0.6","2.3","0.5","0.8","0.4","421","165","359","152","38","44","3","5","21","39","1.1","0.4","8.0","3.4","3.8","4.3","0.3","0.6","7.1","12.8",
"0500000US48399","Runnels County, Texas","3780","183","1033","118","42","38","3","5","0","21","(X)","(X)","27.3","3.0","1.1","1.0","0.1","0.1","0.0","1.3","75","48","72","49","0","21","3","5","0","21","2.0","1.3","7.0","4.9","0.0","56.8","100.0","100.0","-","**",
"0500000US48401","Rusk County, Texas","17792","431","1892","307","111","74","101","79","14","16","(X)","(X)","10.6","1.7","0.6","0.4","0.6","0.4","0.1","0.1","526","191","487","198","0","35","39","63","0","35","3.0","1.1","25.7","9.3","0.0","34.4","38.6","39.5","0.0","98.3",
"0500000US48403","Sabine County, Texas","4471","286","161","92","8","9","48","47","17","25","(X)","(X)","3.6","2.0","0.2","0.2","1.1","1.0","0.4","0.6","4","7","0","21","4","7","0","21","0","21","0.1","0.2","0.0","26.2","50.0","50.0","0.0","53.1","0.0","89.2",
"0500000US48405","San Augustine County, Texas","3051","238","167","54","9","13","0","21","0","21","(X)","(X)","5.5","1.7","0.3","0.4","0.0","1.6","0.0","1.6","5","9","5","9","0","21","0","21","0","21","0.2","0.3","3.0","5.6","0.0","100.0","-","**","-","**",
"0500000US48407","San Jacinto County, Texas","10064","447","1443","268","93","97","2","3","52","71","(X)","(X)","14.3","2.4","0.9","1.0","0.0","0.1","0.5","0.7","267","143","267","143","0","28","0","28","0","28","2.7","1.4","18.5","10.7","0.0","38.1","0.0","100.0","0.0","51.0",
"0500000US48409","San Patricio County, Texas","23920","496","10187","642","147","87","301","121","12","15","(X)","(X)","42.6","2.4","0.6","0.4","1.3","0.5","0.1","0.1","629","169","554","147","48","73","27","27","0","35","2.6","0.7","5.4","1.4","32.7","36.4","9.0","9.8","0.0","100.0",
"0500000US48411","San Saba County, Texas","2014","121","462","91","25","33","4","5","19","28","(X)","(X)","22.9","4.1","1.2","1.6","0.2","0.3","0.9","1.4","49","37","26","20","0","21","4","5","19","28","2.4","1.8","5.6","4.2","0.0","73.6","100.0","100.0","100.0","84.4",
"0500000US48413","Schleicher County, Texas","899","112","438","82","0","15","4","7","0","15","(X)","(X)","48.7","6.3","0.0","5.4","0.4","0.8","0.0","5.4","30","25","30","25","0","15","0","15","0","15","3.3","2.7","6.8","5.7","-","**","0.0","100.0","-","**",
"0500000US48415","Scurry County, Texas","5693","268","1634","256","8","13","43","38","0","23","(X)","(X)","28.7","4.1","0.1","0.2","0.8","0.7","0.0","0.9","206","93","206","93","0","23","0","23","0","23","3.6","1.7","12.6","5.9","0.0","100.0","0.0","56.1","-","**",
"0500000US48417","Shackelford County, Texas","1324","83","74","37","16","22","7","11","0","15","(X)","(X)","5.6","2.7","1.2","1.6","0.5","0.8","0.0","3.7","0","15","0","15","0","15","0","15","0","15","0.0","3.7","0.0","42.8","0.0","92.0","0.0","100.0","-","**",
"0500000US48419","Shelby County, Texas","8988","261","1160","133","30","27","51","61","0","28","(X)","(X)","12.9","1.5","0.3","0.3","0.6","0.7","0.0","0.6","319","127","311","128","0","28","8","14","0","28","3.5","1.4","26.8","11.2","0.0","67.2","15.7","28.7","-","**",
"0500000US48421","Sherman County, Texas","803","69","273","63","0","15","21","25","0","15","(X)","(X)","34.0","7.4","0.0","6.0","2.6","3.1","0.0","6.0","45","45","45","45","0","15","0","15","0","15","5.6","5.5","16.5","15.1","-","**","0.0","80.3","-","**",
"0500000US48423","Smith County, Texas","81286","887","10761","477","815","208","902","213","508","200","(X)","(X)","13.2","0.6","1.0","0.3","1.1","0.3","0.6","0.2","2900","453","2489","410","172","117","205","107","34","45","3.6","0.6","23.1","3.6","21.1","12.6","22.7","12.2","6.7","8.2",
"0500000US48425","Somervell County, Texas","3345","189","437","112","41","48","24","38","0","21","(X)","(X)","13.1","3.2","1.2","1.4","0.7","1.1","0.0","1.5","69","85","69","85","0","21","0","21","0","21","2.1","2.5","15.8","18.5","0.0","57.4","0.0","75.1","-","**",
"0500000US48427","Starr County, Texas","18634","410","17966","481","0","35","29","55","0","35","(X)","(X)","96.4","1.2","0.0","0.3","0.2","0.3","0.0","0.3","5485","590","5485","590","0","35","0","35","0","35","29.4","3.1","30.5","3.1","-","**","0.0","68.3","-","**",
"0500000US48429","Stephens County, Texas","3405","223","492","134","8","12","18","8","16","27","(X)","(X)","14.4","3.8","0.2","0.4","0.5","0.2","0.5","0.8","127","111","127","111","0","21","0","21","0","21","3.7","3.2","25.8","20.2","0.0","100.0","0.0","86.7","0.0","92.0",
"0500000US48431","Sterling County, Texas","392","54","108","50","0","15","0","15","0","15","(X)","(X)","27.6","11.1","0.0","12.0","0.0","12.0","0.0","12.0","9","17","9","17","0","15","0","15","0","15","2.3","4.2","8.3","14.9","-","**","-","**","-","**",
"0500000US48433","Stonewall County, Texas","450","68","78","40","0","15","0","15","14","11","(X)","(X)","17.3","8.2","0.0","10.5","0.0","10.5","3.1","2.4","25","34","25","34","0","15","0","15","0","15","5.6","7.2","32.1","34.3","-","**","-","**","0.0","98.3",
"0500000US48435","Sutton County, Texas","1068","139","697","139","0","15","10","16","0","15","(X)","(X)","65.3","9.5","0.0","4.6","0.9","1.5","0.0","4.6","138","99","138","99","0","15","0","15","0","15","12.9","8.4","19.8","12.1","-","**","0.0","100.0","-","**",
"0500000US48437","Swisher County, Texas","2401","137","822","132","0","21","1","2","4","8","(X)","(X)","34.2","4.7","0.0","2.1","0.0","0.1","0.2","0.3","78","53","77","53","0","21","1","2","0","21","3.2","2.2","9.4","6.4","-","**","100.0","100.0","0.0","100.0",
"0500000US48439","Tarrant County, Texas","754969","2321","152508","2127","24807","1493","28025","1254","17210","1305","(X)","(X)","20.2","0.3","3.3","0.2","3.7","0.2","2.3","0.2","40506","1732","28418","1533","3486","508","6145","639","2457","479","5.4","0.2","18.6","1.0","14.1","1.9","21.9","2.3","14.3","2.6",
"0500000US48441","Taylor County, Texas","53888","644","10554","654","895","246","1099","353","481","206","(X)","(X)","19.6","1.2","1.7","0.5","2.0","0.6","0.9","0.4","1384","294","904","222","153","122","117","61","210","156","2.6","0.5","8.6","2.1","17.1","12.8","10.6","6.1","43.7","22.1",
"0500000US48443","Terrell County, Texas","436","110","198","78","0","15","0","15","0","15","(X)","(X)","45.4","12.2","0.0","10.8","0.0","10.8","0.0","10.8","9","13","9","13","0","15","0","15","0","15","2.1","2.9","4.5","6.4","-","**","-","**","-","**",
"0500000US48445","Terry County, Texas","4170","201","1890","246","158","68","3","4","8","15","(X)","(X)","45.3","5.4","3.8","1.6","0.1","0.1","0.2","0.4","430","119","387","113","43","45","0","23","0","23","10.3","2.9","20.5","6.2","27.2","26.9","0.0","100.0","0.0","100.0",
"0500000US48447","Throckmorton County, Texas","635","69","49","31","11","12","4","5","0","15","(X)","(X)","7.7","4.7","1.7","1.8","0.6","0.8","0.0","7.6","12","18","12","18","0","15","0","15","0","15","1.9","2.7","24.5","25.2","0.0","100.0","0.0","100.0","-","**",
"0500000US48449","Titus County, Texas","10802","273","3330","278","94","77","77","26","0","31","(X)","(X)","30.8","2.4","0.9","0.7","0.7","0.2","0.0","0.5","770","181","715","174","0","31","55","40","0","31","7.1","1.7","21.5","4.8","0.0","37.9","71.4","43.6","-","**",
"0500000US48451","Tom Green County, Texas","45449","634","13130","707","628","209","414","135","170","154","(X)","(X)","28.9","1.6","1.4","0.5","0.9","0.3","0.4","0.3","1616","339","1447","330","0","35","169","75","0","35","3.6","0.7","11.0","2.4","0.0","7.6","40.8","13.2","0.0","25.1",
"0500000US48453","Travis County, Texas","538109","1698","112337","2099","22334","1110","23955","1231","8205","1017","(X)","(X)","20.9","0.4","4.2","0.2","4.5","0.2","1.5","0.2","27123","1523","19353","1298","1835","371","4701","625","1234","363","5.0","0.3","17.2","1.1","8.2","1.6","19.6","2.4","15.0","3.9",
"0500000US48455","Trinity County, Texas","5946","281","590","124","87","68","24","17","0","23","(X)","(X)","9.9","1.9","1.5","1.1","0.4","0.3","0.0","0.8","190","106","190","106","0","23","0","23","0","23","3.2","1.7","32.2","15.2","0.0","39.4","0.0","75.1","-","**",
"0500000US48457","Tyler County, Texas","6811","263","373","132","114","53","71","51","0","23","(X)","(X)","5.5","1.9","1.7","0.8","1.0","0.7","0.0","0.7","66","49","36","42","3","6","27","27","0","23","1.0","0.7","9.7","11.3","2.6","5.6","38.0","35.9","-","**",
"0500000US48459","Upshur County, Texas","14969","294","765","170","57","46","95","56","0","31","(X)","(X)","5.1","1.1","0.4","0.3","0.6","0.4","0.0","0.3","103","82","73","77","0","31","30","29","0","31","0.7","0.5","9.5","9.5","0.0","48.7","31.6","44.8","-","**",
"0500000US48461","Upton County, Texas","1363","84","642","80","0","15","9","11","0","15","(X)","(X)","47.1","5.4","0.0","3.6","0.7","0.8","0.0","3.6","84","41","84","41","0","15","0","15","0","15","6.2","2.9","13.1","6.4","-","**","0.0","100.0","-","**",
"0500000US48463","Uvalde County, Texas","8420","344","4586","433","30","35","170","156","0","28","(X)","(X)","54.5","4.5","0.4","0.4","2.0","1.8","0.0","0.6","740","221","716","214","0","28","24","42","0","28","8.8","2.6","15.6","4.4","0.0","67.2","14.1","44.2","-","**",
"0500000US48465","Val Verde County, Texas","16643","384","12215","509","57","43","96","73","0","31","(X)","(X)","73.4","2.6","0.3","0.3","0.6","0.4","0.0","0.3","2305","489","2305","489","0","31","0","31","0","31","13.8","2.9","18.9","3.8","0.0","48.7","0.0","37.5","-","**",
"0500000US48467","Van Zandt County, Texas","22326","459","1902","291","188","113","39","36","13","18","(X)","(X)","8.5","1.3","0.8","0.5","0.2","0.2","0.1","0.1","305","142","301","143","0","35","4","6","0","35","1.4","0.6","15.8","7.4","0.0","23.1","10.3","19.6","0.0","100.0",
"0500000US48469","Victoria County, Texas","34265","463","8859","577","340","140","318","94","67","56","(X)","(X)","25.9","1.6","1.0","0.4","0.9","0.3","0.2","0.2","869","232","768","228","0","35","90","66","11","21","2.5","0.7","8.7","2.5","0.0","13.6","28.3","20.2","16.4","28.6",
"0500000US48471","Walker County, Texas","24592","539","2508","479","177","91","231","133","549","227","(X)","(X)","10.2","1.9","0.7","0.4","0.9","0.5","2.2","0.9","326","154","194","114","0","35","51","66","81","101","1.3","0.6","7.7","4.8","0.0","24.3","22.1","28.2","14.8","18.5",
"0500000US48473","Waller County, Texas","17780","357","4468","515","208","125","168","92","25","37","(X)","(X)","25.1","2.9","1.2","0.7","0.9","0.5","0.1","0.2","1054","246","1023","237","5","8","26","36","0","35","5.9","1.4","22.9","5.4","2.4","4.2","15.5","18.5","0.0","73.6",
"0500000US48475","Ward County, Texas","4264","183","2071","204","0","23","22","9","0","23","(X)","(X)","48.6","4.3","0.0","1.2","0.5","0.2","0.0","1.2","205","72","199","71","0","23","6","10","0","23","4.8","1.7","9.6","3.4","-","**","27.3","38.9","-","**",
"0500000US48477","Washington County, Texas","14482","426","1644","235","156","113","57","49","0","31","(X)","(X)","11.4","1.6","1.1","0.8","0.4","0.3","0.0","0.3","258","175","234","161","0","31","24","41","0","31","1.8","1.2","14.2","9.4","0.0","26.9","42.1","51.8","-","**",
"0500000US48479","Webb County, Texas","77797","684","71947","853","381","199","511","135","63","66","(X)","(X)","92.5","0.7","0.5","0.3","0.7","0.2","0.1","0.1","20834","1050","20763","1053","21","21","44","32","6","10","26.8","1.3","28.9","1.4","5.5","6.7","8.6","6.6","9.5","21.0",
"0500000US48481","Wharton County, Texas","15148","364","3999","395","136","71","36","35","0","31","(X)","(X)","26.4","2.4","0.9","0.5","0.2","0.2","0.0","0.3","584","199","575","200","8","13","1","2","0","31","3.9","1.3","14.4","5.0","5.9","9.4","2.8","6.2","-","**",
"0500000US48483","Wheeler County, Texas","1908","109","349","74","13","10","8","8","10","16","(X)","(X)","18.3","3.9","0.7","0.5","0.4","0.4","0.5","0.8","88","48","88","48","0","15","0","15","0","15","4.6","2.5","25.2","13.5","0.0","100.0","0.0","100.0","0.0","100.0",
"0500000US48485","Wichita County, Texas","48604","561","5761","488","692","262","770","162","437","301","(X)","(X)","11.9","1.0","1.4","0.5","1.6","0.3","0.9","0.6","1455","365","1138","332","145","133","162","69","10","17","3.0","0.7","19.8","5.4","21.0","16.6","21.0","9.4","2.3","4.5",
"0500000US48487","Wilbarger County, Texas","4626","259","803","167","8","9","105","57","0","23","(X)","(X)","17.4","3.4","0.2","0.2","2.3","1.2","0.0","1.1","131","78","131","78","0","23","0","23","0","23","2.8","1.7","16.3","9.6","0.0","100.0","0.0","35.6","-","**",
"0500000US48489","Willacy County, Texas","5414","161","4296","188","0","28","0","28","0","28","(X)","(X)","79.3","3.2","0.0","0.9","0.0","0.9","0.0","0.9","698","151","698","151","0","28","0","28","0","28","12.9","2.9","16.2","3.6","-","**","-","**","-","**",
"0500000US48491","Williamson County, Texas","229906","1123","37484","1246","11548","891","13365","802","2525","421","(X)","(X)","16.3","0.5","5.0","0.4","5.8","0.3","1.1","0.2","7206","611","3919","581","1069","265","1917","341","301","142","3.1","0.3","10.5","1.5","9.3","2.1","14.3","2.6","11.9","6.0",
"0500000US48493","Wilson County, Texas","17345","291","4882","371","377","142","70","54","11","17","(X)","(X)","28.1","2.0","2.2","0.8","0.4","0.3","0.1","0.1","390","114","367","114","23","27","0","35","0","35","2.2","0.7","7.5","2.3","6.1","7.1","0.0","44.0","0.0","100.0",
"0500000US48495","Winkler County, Texas","2685","124","1536","139","0","21","21","31","0","21","(X)","(X)","57.2","4.6","0.0","1.8","0.8","1.2","0.0","1.8","136","79","115","71","0","21","21","31","0","21","5.1","2.9","7.5","4.7","-","**","100.0","80.3","-","**",
"0500000US48497","Wise County, Texas","24079","401","3223","301","188","103","342","216","19","19","(X)","(X)","13.4","1.2","0.8","0.4","1.4","0.9","0.1","0.1","708","250","686","252","0","35","16","18","6","10","2.9","1.0","21.3","7.3","0.0","23.1","4.7","6.9","31.6","45.4",
"0500000US48499","Wood County, Texas","17824","464","1110","183","218","110","74","26","68","76","(X)","(X)","6.2","1.0","1.2","0.6","0.4","0.1","0.4","0.4","79","52","56","48","0","31","23","22","0","31","0.4","0.3","5.0","4.5","0.0","20.3","31.1","29.9","0.0","44.6",
"0500000US48501","Yoakum County, Texas","2654","148","1518","146","159","92","0","21","0","21","(X)","(X)","57.2","4.2","6.0","3.4","0.0","1.9","0.0","1.9","384","140","377","140","7","12","0","21","0","21","14.5","5.3","24.8","9.6","4.4","8.2","-","**","-","**",
"0500000US48503","Young County, Texas","7565","257","943","146","36","28","56","56","23","30","(X)","(X)","12.5","1.9","0.5","0.4","0.7","0.7","0.3","0.4","251","111","251","111","0","23","0","23","0","23","3.3","1.4","26.6","11.8","0.0","61.3","0.0","49.2","0.0","76.7",
"0500000US48505","Zapata County, Texas","4580","261","4177","288","0","23","0","23","0","23","(X)","(X)","91.2","2.7","0.0","1.1","0.0","1.1","0.0","1.1","1165","233","1165","233","0","23","0","23","0","23","25.4","4.9","27.9","5.4","-","**","-","**","-","**",
"0500000US48507","Zavala County, Texas","3427","136","3225","166","0","21","0","21","0","21","(X)","(X)","94.1","3.0","0.0","1.4","0.0","1.4","0.0","1.4","448","191","448","191","0","21","0","21","0","21","13.1","5.6","13.9","6.1","-","**","-","**","-","**",
