"","Geographic.Area.Name","Estimate..Total..Population.5.years.and.over","NonEnglish_Language_Estimate","Spanish_Estimate","Asian_Pacific_Estimate","Other_Indo_Europe_Estimate","Other_Estimate","English_Monolangual","Spanish_Bilangual","Asian_Pacific_Bilangual","IndoEuro_Bilangual","Other_Bilangual","Other_Langual_Not_Bilingual","Overall_Bilingual","Percent_of_Spanish_Bilangual","Percent_of_Asian_Pacific_Bilangual","Percent_of_IndoEuro_Bilangual","Percent_of_Other_Bilangual","Percent_Overall_Bilingual","Percent_Spanish_Bilangual","Percent_Asian_Pacific_Bilangual","Percent_IndoEuro_Bilangual","Percent_Other_Bilangual"
"1","Texas",27319920,9582417,7790925,840845,650672,299975,17737503,4833485,493012,494041,223655,3538224,6044193,0.62,0.586,0.759,0.746,0.221,0.177,0.018,0.018,0.008
"2","Anderson County, Texas",55103,6977,6151,315,241,270,48126,4460,75,199,217,2026,4951,0.725,0.238,0.826,0.804,0.09,0.081,0.001,0.004,0.004
"3","Andrews County, Texas",16861,6657,6531,30,20,76,10204,3924,30,20,73,2610,4047,0.601,1,1,0.961,0.24,0.233,0.002,0.001,0.004
"4","Angelina County, Texas",80974,15545,14234,457,270,584,65429,9547,274,222,486,5016,10529,0.671,0.6,0.822,0.832,0.13,0.118,0.003,0.003,0.006
"5","Aransas County, Texas",22987,4263,3683,388,180,12,18724,3089,108,180,9,877,3386,0.839,0.278,1,0.75,0.147,0.134,0.005,0.008,0
"6","Archer County, Texas",8207,580,472,9,99,0,7627,228,2,99,0,251,329,0.483,0.222,1,0,0.04,0.028,0,0.012,0
"7","Armstrong County, Texas",1796,133,129,2,0,2,1663,96,2,0,2,33,100,0.744,1,0,1,0.056,0.053,0.001,0,0.001
"8","Atascosa County, Texas",45990,18467,17950,103,268,146,27523,12102,89,257,71,5948,12519,0.674,0.864,0.959,0.486,0.272,0.263,0.002,0.006,0.002
"9","Austin County, Texas",28758,6490,5607,140,734,9,22268,3819,111,660,7,1893,4597,0.681,0.793,0.899,0.778,0.16,0.133,0.004,0.023,0
"10","Bailey County, Texas",6342,3809,3667,72,70,0,2533,1978,72,57,0,1702,2107,0.539,1,0.814,0,0.332,0.312,0.011,0.009,0
"11","Bandera County, Texas",20450,2759,2453,63,212,31,17691,1543,29,123,31,1033,1726,0.629,0.46,0.58,1,0.084,0.075,0.001,0.006,0.002
"12","Bastrop County, Texas",92071,29144,27535,550,916,143,62927,18887,410,754,101,8992,20152,0.686,0.745,0.823,0.706,0.219,0.205,0.004,0.008,0.001
"13","Baylor County, Texas",3313,256,156,19,81,0,3057,146,19,81,0,10,246,0.936,1,1,0,0.074,0.044,0.006,0.024,0
"14","Bee County, Texas",29393,10398,10055,61,230,52,18995,7898,17,146,37,2300,8098,0.785,0.279,0.635,0.712,0.276,0.269,0.001,0.005,0.001
"15","Bell County, Texas",343227,66219,49373,7613,6709,2524,277008,35433,5079,5781,2067,17859,48360,0.718,0.667,0.862,0.819,0.141,0.103,0.015,0.017,0.006
"16","Bexar County, Texas",1880365,714764,639918,34175,28866,11805,1165601,451024,20932,20299,7798,214711,500053,0.705,0.612,0.703,0.661,0.266,0.24,0.011,0.011,0.004
"17","Blanco County, Texas",11184,1212,918,166,127,1,9972,591,138,127,1,355,857,0.644,0.831,1,1,0.077,0.053,0.012,0.011,0
"18","Borden County, Texas",626,31,28,0,3,0,595,25,0,3,0,3,28,0.893,0,1,0,0.045,0.04,0,0.005,0
"19","Bosque County, Texas",17465,2671,2487,102,73,9,14794,1830,42,65,7,727,1944,0.736,0.412,0.89,0.778,0.111,0.105,0.002,0.004,0
"20","Bowie County, Texas",87049,5496,3953,639,799,105,81553,2321,397,553,87,2138,3358,0.587,0.621,0.692,0.829,0.039,0.027,0.005,0.006,0.001
"21","Brazoria County, Texas",350384,96298,70202,16827,6181,3088,254086,49818,9547,4774,2782,29377,66921,0.71,0.567,0.772,0.901,0.191,0.142,0.027,0.014,0.008
"22","Brazos County, Texas",221415,52373,35976,8763,5643,1991,169042,23082,5596,4626,1583,17486,34887,0.642,0.639,0.82,0.795,0.158,0.104,0.025,0.021,0.007
"23","Brewster County, Texas",9005,2635,2439,91,55,50,6370,1616,91,55,50,823,1812,0.663,1,1,1,0.201,0.179,0.01,0.006,0.006
"24","Briscoe County, Texas",1234,325,325,0,0,0,909,249,0,0,0,76,249,0.766,0,0,0,0.202,0.202,0,0,0
"25","Brooks County, Texas",6860,4707,4637,70,0,0,2153,3980,70,0,0,657,4050,0.858,1,0,0,0.59,0.58,0.01,0,0
"26","Brown County, Texas",36229,6142,5841,112,171,18,30087,4661,33,87,18,1343,4799,0.798,0.295,0.509,1,0.132,0.129,0.001,0.002,0
"27","Burleson County, Texas",16961,2922,2790,90,42,0,14039,1511,53,31,0,1327,1595,0.542,0.589,0.738,0,0.094,0.089,0.003,0.002,0
"28","Burnet County, Texas",47269,6771,6364,158,226,23,40498,3987,82,186,23,2493,4278,0.626,0.519,0.823,1,0.091,0.084,0.002,0.004,0
"29","Caldwell County, Texas",43282,14908,14567,112,134,95,28374,9403,112,122,88,5183,9725,0.646,1,0.91,0.926,0.225,0.217,0.003,0.003,0.002
"30","Calhoun County, Texas",18873,5195,4367,768,48,12,13678,2975,350,48,12,1810,3385,0.681,0.456,1,1,0.179,0.158,0.019,0.003,0.001
"31","Callahan County, Texas",13142,989,738,59,192,0,12153,656,20,150,0,163,826,0.889,0.339,0.781,0,0.063,0.05,0.002,0.011,0
"32","Cameron County, Texas",390450,277044,273744,1785,1225,290,113406,183452,904,998,289,91401,185643,0.67,0.506,0.815,0.997,0.475,0.47,0.002,0.003,0.001
"33","Camp County, Texas",11725,1743,1593,28,87,35,9982,978,28,51,0,686,1057,0.614,1,0.586,0,0.09,0.083,0.002,0.004,0
"34","Carson County, Texas",5425,174,155,9,10,0,5251,109,7,10,0,48,126,0.703,0.778,1,0,0.023,0.02,0.001,0.002,0
"35","Cass County, Texas",27024,1453,715,451,252,35,25571,496,216,221,35,485,968,0.694,0.479,0.877,1,0.036,0.018,0.008,0.008,0.001
"36","Castro County, Texas",6806,3554,3498,55,1,0,3252,2646,24,1,0,883,2671,0.756,0.436,1,0,0.392,0.389,0.004,0,0
"37","Chambers County, Texas",43929,9036,8377,443,178,38,34893,6424,235,174,38,2165,6871,0.767,0.53,0.978,1,0.156,0.146,0.005,0.004,0.001
"38","Cherokee County, Texas",47336,9815,9612,161,27,15,37521,5516,85,16,14,4184,5631,0.574,0.528,0.593,0.933,0.119,0.117,0.002,0,0
"39","Childress County, Texas",6408,1427,1424,0,3,0,4981,1145,0,3,0,279,1148,0.804,0,1,0,0.179,0.179,0,0,0
"40","Clay County, Texas",9828,543,438,60,37,8,9285,290,11,35,8,199,344,0.662,0.183,0.946,1,0.035,0.03,0.001,0.004,0.001
"41","Cochran County, Texas",2334,1156,1084,0,71,1,1178,742,0,21,1,392,764,0.685,0,0.296,1,0.327,0.318,0,0.009,0
"42","Coke County, Texas",3173,348,322,26,0,0,2825,236,16,0,0,96,252,0.733,0.615,0,0,0.079,0.074,0.005,0,0
"43","Coleman County, Texas",7454,1346,1293,41,8,4,6108,1059,30,4,4,249,1097,0.819,0.732,0.5,1,0.147,0.142,0.004,0.001,0.001
"44","Collin County, Texas",1016063,302180,113371,92137,75179,21493,713883,72930,60552,58333,16014,94351,207829,0.643,0.657,0.776,0.745,0.205,0.072,0.06,0.057,0.016
"45","Collingsworth County, Texas",2688,369,296,0,73,0,2319,132,0,73,0,164,205,0.446,0,1,0,0.076,0.049,0,0.027,0
"46","Colorado County, Texas",19335,4009,3842,15,117,35,15326,2914,15,97,35,948,3061,0.758,1,0.829,1,0.158,0.151,0.001,0.005,0.002
"47","Comal County, Texas",156246,25275,21692,1035,2172,376,130971,16819,708,1897,307,5544,19731,0.775,0.684,0.873,0.816,0.126,0.108,0.005,0.012,0.002
"48","Comanche County, Texas",12913,2894,2691,41,135,27,10019,1809,31,130,27,897,1997,0.672,0.756,0.963,1,0.155,0.14,0.002,0.01,0.002
"49","Concho County, Texas",3106,1107,1042,27,36,2,1999,474,11,0,0,622,485,0.455,0.407,0,0,0.156,0.153,0.004,0,0
"50","Cooke County, Texas",39187,5556,5047,164,342,3,33631,2638,72,196,3,2647,2909,0.523,0.439,0.573,1,0.074,0.067,0.002,0.005,0
"51","Coryell County, Texas",77521,11623,8356,1340,1731,196,65898,6155,888,1451,145,2984,8639,0.737,0.663,0.838,0.74,0.111,0.079,0.011,0.019,0.002
"52","Cottle County, Texas",1546,255,253,0,2,0,1291,152,0,2,0,101,154,0.601,0,1,0,0.1,0.098,0,0.001,0
"53","Crane County, Texas",4192,2054,1931,117,6,0,2138,1308,80,6,0,660,1394,0.677,0.684,1,0,0.333,0.312,0.019,0.001,0
"54","Crockett County, Texas",2850,1648,1648,0,0,0,1202,1494,0,0,0,154,1494,0.907,0,0,0,0.524,0.524,0,0,0
"55","Crosby County, Texas",4834,1665,1605,51,9,0,3169,1279,17,9,0,360,1305,0.797,0.333,1,0,0.27,0.265,0.004,0.002,0
"56","Culberson County, Texas",2148,1442,1434,8,0,0,706,1164,8,0,0,270,1172,0.812,1,0,0,0.546,0.542,0.004,0,0
"57","Dallam County, Texas",6525,2208,2043,0,164,1,4317,1074,0,135,0,999,1209,0.526,0,0.823,0,0.185,0.165,0,0.021,0
"58","Dallas County, Texas",2421704,1043770,832626,95397,69133,46614,1377934,459645,57157,52356,33928,440684,603086,0.552,0.599,0.757,0.728,0.249,0.19,0.024,0.022,0.014
"59","Dawson County, Texas",11474,4155,3910,29,199,17,7319,3031,29,73,5,1017,3138,0.775,1,0.367,0.294,0.273,0.264,0.003,0.006,0
"60","Deaf Smith County, Texas",16996,9502,9464,13,18,7,7494,6876,0,18,7,2601,6901,0.727,0,1,1,0.406,0.405,0,0.001,0
"61","Delta County, Texas",4887,138,119,10,9,0,4749,71,10,9,0,48,90,0.597,1,1,0,0.018,0.015,0.002,0.002,0
"62","Denton County, Texas",861332,201946,110530,50040,31305,10071,659386,70799,30453,24431,8690,67573,134373,0.641,0.609,0.78,0.863,0.156,0.082,0.035,0.028,0.01
"63","DeWitt County, Texas",18584,3133,2932,80,114,7,15451,2105,43,110,0,875,2258,0.718,0.537,0.965,0,0.122,0.113,0.002,0.006,0
"64","Dickens County, Texas",1462,235,223,1,11,0,1227,168,0,11,0,56,179,0.753,0,1,0,0.122,0.115,0,0.008,0
"65","Dimmit County, Texas",8115,4735,4634,49,16,36,3380,3154,46,7,36,1492,3243,0.681,0.939,0.438,1,0.4,0.389,0.006,0.001,0.004
"66","Donley County, Texas",3171,207,155,22,29,1,2964,99,22,29,1,56,151,0.639,1,1,1,0.048,0.031,0.007,0.009,0
"67","Duval County, Texas",9291,5274,5235,0,39,0,4017,4477,0,39,0,758,4516,0.855,0,1,0,0.486,0.482,0,0.004,0
"68","Eastland County, Texas",16824,2041,1853,120,66,2,14783,1368,109,66,1,497,1544,0.738,0.908,1,0.5,0.092,0.081,0.006,0.004,0
"69","Ector County, Texas",148224,71131,68241,1050,861,979,77093,47736,737,665,907,21086,50045,0.7,0.702,0.772,0.926,0.338,0.322,0.005,0.004,0.006
"70","Edwards County, Texas",1335,560,560,0,0,0,775,453,0,0,0,107,453,0.809,0,0,0,0.339,0.339,0,0,0
"71","Ellis County, Texas",182937,34491,31785,626,1164,916,148446,20512,386,1031,697,11865,22626,0.645,0.617,0.886,0.761,0.124,0.112,0.002,0.006,0.004
"72","El Paso County, Texas",803798,556832,541274,6958,6452,2148,246966,315836,4248,4994,1450,230304,326528,0.584,0.611,0.774,0.675,0.406,0.393,0.005,0.006,0.002
"73","Erath County, Texas",40308,6740,5823,334,556,27,33568,3332,175,535,27,2671,4069,0.572,0.524,0.962,1,0.101,0.083,0.004,0.013,0.001
"74","Falls County, Texas",16158,2499,2042,0,286,171,13659,1148,0,217,151,983,1516,0.562,0,0.759,0.883,0.094,0.071,0,0.013,0.009
"75","Fannin County, Texas",34259,3575,3273,92,170,40,30684,2117,43,119,40,1256,2319,0.647,0.467,0.7,1,0.068,0.062,0.001,0.003,0.001
"76","Fayette County, Texas",23381,4192,3754,48,390,0,19189,2886,48,341,0,917,3275,0.769,1,0.874,0,0.14,0.123,0.002,0.015,0
"77","Fisher County, Texas",3444,568,547,9,12,0,2876,390,0,12,0,166,402,0.713,0,1,0,0.117,0.113,0,0.003,0
"78","Floyd County, Texas",5047,1980,1941,16,23,0,3067,1368,16,23,0,573,1407,0.705,1,1,0,0.279,0.271,0.003,0.005,0
"79","Foard County, Texas",1031,48,46,2,0,0,983,29,1,0,0,18,30,0.63,0.5,0,0,0.029,0.028,0.001,0,0
"80","Fort Bend County, Texas",779814,316206,134762,87000,64458,29986,463608,90526,51208,48703,25642,100127,216079,0.672,0.589,0.756,0.855,0.277,0.116,0.066,0.062,0.033
"81","Franklin County, Texas",9682,1233,1124,15,94,0,8449,783,15,72,0,363,870,0.697,1,0.766,0,0.09,0.081,0.002,0.007,0
"82","Freestone County, Texas",18564,2122,2030,21,58,13,16442,1499,13,58,13,539,1583,0.738,0.619,1,1,0.085,0.081,0.001,0.003,0.001
"83","Frio County, Texas",17037,8840,8592,33,161,54,8197,5182,22,84,11,3541,5299,0.603,0.667,0.522,0.204,0.311,0.304,0.001,0.005,0.001
"84","Gaines County, Texas",19353,10600,4916,71,5579,34,8753,3017,59,2797,34,4693,5907,0.614,0.831,0.501,1,0.305,0.156,0.003,0.145,0.002
"85","Galveston County, Texas",330121,67260,52424,7491,6312,1033,262861,36118,4880,4963,884,20415,46845,0.689,0.651,0.786,0.856,0.142,0.109,0.015,0.015,0.003
"86","Garza County, Texas",5570,1962,1894,52,0,16,3608,896,22,0,6,1038,924,0.473,0.423,0,0.375,0.166,0.161,0.004,0,0.001
"87","Gillespie County, Texas",25686,4469,3783,58,628,0,21217,1836,41,487,0,2105,2364,0.485,0.707,0.775,0,0.092,0.071,0.002,0.019,0
"88","Glasscock County, Texas",992,270,196,0,28,46,722,96,0,28,46,100,170,0.49,0,1,1,0.171,0.097,0,0.028,0.046
"89","Goliad County, Texas",6842,1344,1224,10,110,0,5498,871,3,110,0,360,984,0.712,0.3,1,0,0.144,0.127,0,0.016,0
"90","Gonzales County, Texas",18342,5439,5248,138,38,15,12903,2923,41,38,15,2422,3017,0.557,0.297,1,1,0.164,0.159,0.002,0.002,0.001
"91","Gray County, Texas",19934,4040,3941,46,51,2,15894,2355,43,20,2,1620,2420,0.598,0.935,0.392,1,0.121,0.118,0.002,0.001,0
"92","Grayson County, Texas",128586,15188,12801,921,1308,158,113398,7870,420,1125,151,5622,9566,0.615,0.456,0.86,0.956,0.074,0.061,0.003,0.009,0.001
"93","Gregg County, Texas",116013,19780,17485,1193,819,283,96233,11890,774,607,257,6252,13528,0.68,0.649,0.741,0.908,0.117,0.102,0.007,0.005,0.002
"94","Grimes County, Texas",27851,5619,5274,67,223,55,22232,3377,24,197,13,2008,3611,0.64,0.358,0.883,0.236,0.13,0.121,0.001,0.007,0
"95","Guadalupe County, Texas",163666,35515,31589,1905,1742,279,128151,23066,1148,1436,87,9778,25737,0.73,0.603,0.824,0.312,0.157,0.141,0.007,0.009,0.001
"96","Hale County, Texas",30506,11575,11244,58,187,86,18931,8228,29,135,15,3168,8407,0.732,0.5,0.722,0.174,0.276,0.27,0.001,0.004,0
"97","Hall County, Texas",2723,760,752,8,0,0,1963,544,4,0,0,212,548,0.723,0.5,0,0,0.201,0.2,0.001,0,0
"98","Hamilton County, Texas",7825,903,791,1,111,0,6922,484,1,90,0,328,575,0.612,1,0.811,0,0.073,0.062,0,0.012,0
"99","Hansford County, Texas",4888,1742,1742,0,0,0,3146,986,0,0,0,756,986,0.566,0,0,0,0.202,0.202,0,0,0
"100","Hardeman County, Texas",3359,466,361,33,31,41,2893,194,20,29,41,182,284,0.537,0.606,0.935,1,0.085,0.058,0.006,0.009,0.012
"101","Hardin County, Texas",53152,2420,2083,147,172,18,50732,1190,65,157,0,1008,1412,0.571,0.442,0.913,0,0.027,0.022,0.001,0.003,0
"102","Harris County, Texas",4393352,1968351,1554270,201039,141444,71598,2425001,843288,102753,107171,52639,862500,1105851,0.543,0.511,0.758,0.735,0.252,0.192,0.023,0.024,0.012
"103","Harrison County, Texas",65115,6452,5865,212,210,165,58663,3511,137,152,133,2519,3933,0.599,0.646,0.724,0.806,0.06,0.054,0.002,0.002,0.002
"104","Hartley County, Texas",5077,957,849,2,106,0,4120,586,2,100,0,269,688,0.69,1,0.943,0,0.136,0.115,0,0.02,0
"105","Haskell County, Texas",5196,1005,987,4,14,0,4191,640,4,3,0,358,647,0.648,1,0.214,0,0.125,0.123,0.001,0.001,0
"106","Hays County, Texas",230886,60415,53684,2068,3619,1044,170471,37574,1488,2904,401,18048,42367,0.7,0.72,0.802,0.384,0.183,0.163,0.006,0.013,0.002
"107","Hemphill County, Texas",3206,1065,1031,0,34,0,2141,657,0,34,0,374,691,0.637,0,1,0,0.216,0.205,0,0.011,0
"108","Henderson County, Texas",78093,8123,7320,345,453,5,69970,5071,151,262,5,2634,5489,0.693,0.438,0.578,1,0.07,0.065,0.002,0.003,0
"109","Hidalgo County, Texas",801757,656004,647349,5188,2761,706,145753,405071,3632,2158,470,244673,411331,0.626,0.7,0.782,0.666,0.513,0.505,0.005,0.003,0.001
"110","Hill County, Texas",34081,5174,4815,165,180,14,28907,3237,63,133,10,1731,3443,0.672,0.382,0.739,0.714,0.101,0.095,0.002,0.004,0
"111","Hockley County, Texas",19988,5982,5771,17,160,34,14006,4331,7,102,34,1508,4474,0.75,0.412,0.637,1,0.224,0.217,0,0.005,0.002
"112","Hood County, Texas",59244,5477,4889,116,462,10,53767,3012,40,335,10,2080,3397,0.616,0.345,0.725,1,0.057,0.051,0.001,0.006,0
"113","Hopkins County, Texas",34744,5347,4903,174,254,16,29397,3108,65,254,8,1912,3435,0.634,0.374,1,0.5,0.099,0.089,0.002,0.007,0
"114","Houston County, Texas",21034,2005,1867,97,20,21,19029,1329,70,20,21,565,1440,0.712,0.722,1,1,0.068,0.063,0.003,0.001,0.001
"115","Howard County, Texas",32466,9104,8586,154,272,92,23362,5704,138,169,72,3021,6083,0.664,0.896,0.621,0.783,0.187,0.176,0.004,0.005,0.002
"116","Hudspeth County, Texas",3204,2445,2394,34,7,10,759,1055,16,2,0,1372,1073,0.441,0.471,0.286,0,0.335,0.329,0.005,0.001,0
"117","Hunt County, Texas",95291,12641,10898,777,606,360,82650,6922,434,539,135,4611,8030,0.635,0.559,0.889,0.375,0.084,0.073,0.005,0.006,0.001
"118","Hutchinson County, Texas",19379,2943,2858,44,40,1,16436,2152,18,20,1,752,2191,0.753,0.409,0.5,1,0.113,0.111,0.001,0.001,0
"119","Irion County, Texas",1515,316,316,0,0,0,1199,307,0,0,0,9,307,0.972,0,0,0,0.203,0.203,0,0,0
"120","Jack County, Texas",8152,1053,937,56,21,39,7099,438,39,11,39,526,527,0.467,0.696,0.524,1,0.065,0.054,0.005,0.001,0.005
"121","Jackson County, Texas",14019,2891,2724,53,114,0,11128,1641,29,79,0,1142,1749,0.602,0.547,0.693,0,0.125,0.117,0.002,0.006,0
"122","Jasper County, Texas",31087,1765,1333,134,296,2,29322,640,82,179,2,862,903,0.48,0.612,0.605,1,0.029,0.021,0.003,0.006,0
"123","Jeff Davis County, Texas",1858,380,346,0,16,18,1478,172,0,8,18,182,198,0.497,0,0.5,1,0.107,0.093,0,0.004,0.01
"124","Jefferson County, Texas",237822,53535,43152,6026,3690,667,184287,26146,3498,2483,444,20964,32571,0.606,0.58,0.673,0.666,0.137,0.11,0.015,0.01,0.002
"125","Jim Hogg County, Texas",4081,2478,2425,53,0,0,1603,2176,53,0,0,249,2229,0.897,1,0,0,0.546,0.533,0.013,0,0
"126","Jim Wells County, Texas",36397,17480,16994,64,196,226,18917,13629,45,165,226,3415,14065,0.802,0.703,0.842,1,0.386,0.374,0.001,0.005,0.006
"127","Johnson County, Texas",171171,28110,24739,1886,909,576,143061,14904,982,569,457,11198,16912,0.602,0.521,0.626,0.793,0.099,0.087,0.006,0.003,0.003
"128","Jones County, Texas",18987,3263,3019,52,160,32,15724,2137,32,160,32,902,2361,0.708,0.615,1,1,0.124,0.113,0.002,0.008,0.002
"129","Karnes County, Texas",14034,3933,3544,169,182,38,10101,2267,52,121,6,1487,2446,0.64,0.308,0.665,0.158,0.174,0.162,0.004,0.009,0
"130","Kaufman County, Texas",139084,28201,23080,1303,1365,2453,110883,16438,806,951,1991,8015,20186,0.712,0.619,0.697,0.812,0.145,0.118,0.006,0.007,0.014
"131","Kendall County, Texas",43340,6250,5520,367,282,81,37090,3316,278,173,81,2402,3848,0.601,0.757,0.613,1,0.089,0.077,0.006,0.004,0.002
"132","Kenedy County, Texas",88,76,75,0,1,0,12,35,0,1,0,40,36,0.467,0,1,0,0.409,0.398,0,0.011,0
"133","Kent County, Texas",615,55,55,0,0,0,560,19,0,0,0,36,19,0.345,0,0,0,0.031,0.031,0,0,0
"134","Kerr County, Texas",50237,7192,6687,142,248,115,43045,4621,111,181,115,2164,5028,0.691,0.782,0.73,1,0.1,0.092,0.002,0.004,0.002
"135","Kimble County, Texas",4078,706,687,0,0,19,3372,492,0,0,14,200,506,0.716,0,0,0.737,0.124,0.121,0,0,0.003
"136","King County, Texas",202,47,47,0,0,0,155,25,0,0,0,22,25,0.532,0,0,0,0.124,0.124,0,0,0
"137","Kinney County, Texas",3022,1133,1133,0,0,0,1889,906,0,0,0,227,906,0.8,0,0,0,0.3,0.3,0,0,0
"138","Kleberg County, Texas",28685,10670,9869,475,187,139,18015,7702,434,72,90,2372,8298,0.78,0.914,0.385,0.647,0.289,0.269,0.015,0.003,0.003
"139","Knox County, Texas",3176,853,779,0,74,0,2323,508,0,12,0,333,520,0.652,0,0.162,0,0.164,0.16,0,0.004,0
"140","Lamar County, Texas",46934,4210,2660,348,875,327,42724,1847,233,572,154,1404,2806,0.694,0.67,0.654,0.471,0.06,0.039,0.005,0.012,0.003
"141","Lamb County, Texas",12129,4987,4937,8,42,0,7142,3689,4,32,0,1262,3725,0.747,0.5,0.762,0,0.307,0.304,0,0.003,0
"142","Lampasas County, Texas",20763,2222,1599,143,480,0,18541,1126,66,456,0,574,1648,0.704,0.462,0.95,0,0.079,0.054,0.003,0.022,0
"143","La Salle County, Texas",6753,4179,4152,6,0,21,2574,3348,0,0,7,824,3355,0.806,0,0,0.333,0.497,0.496,0,0,0.001
"144","Lavaca County, Texas",19204,2705,2129,89,477,10,16499,1454,53,438,10,750,1955,0.683,0.596,0.918,1,0.102,0.076,0.003,0.023,0.001
"145","Lee County, Texas",16445,2895,2593,67,235,0,13550,1700,38,225,0,932,1963,0.656,0.567,0.957,0,0.119,0.103,0.002,0.014,0
"146","Leon County, Texas",15095,1785,1676,3,101,5,13310,1121,1,101,5,557,1228,0.669,0.333,1,1,0.081,0.074,0,0.007,0
"147","Liberty County, Texas",86674,23869,23121,349,302,97,62805,13738,209,235,90,9597,14272,0.594,0.599,0.778,0.928,0.165,0.159,0.002,0.003,0.001
"148","Limestone County, Texas",20925,4042,3776,167,75,24,16883,2618,37,23,0,1364,2678,0.693,0.222,0.307,0,0.128,0.125,0.002,0.001,0
"149","Lipscomb County, Texas",2823,802,767,6,4,25,2021,423,6,4,0,369,433,0.551,1,1,0,0.153,0.15,0.002,0.001,0
"150","Live Oak County, Texas",10737,3183,2831,178,146,28,7554,2195,126,136,25,701,2482,0.775,0.708,0.932,0.893,0.231,0.204,0.012,0.013,0.002
"151","Llano County, Texas",20880,1757,1563,30,164,0,19123,869,14,157,0,717,1040,0.556,0.467,0.957,0,0.05,0.042,0.001,0.008,0
"152","Loving County, Texas",73,16,11,5,0,0,57,11,0,0,0,5,11,1,0,0,0,0.151,0.151,0,0,0
"153","Lubbock County, Texas",291818,59727,50314,4383,2789,2241,232091,39246,2895,1968,1638,13980,45747,0.78,0.661,0.706,0.731,0.157,0.134,0.01,0.007,0.006
"154","Lynn County, Texas",5251,1310,1251,11,41,7,3941,890,4,25,7,384,926,0.711,0.364,0.61,1,0.176,0.169,0.001,0.005,0.001
"155","McCulloch County, Texas",7225,1848,1788,8,52,0,5377,1356,8,49,0,435,1413,0.758,1,0.942,0,0.196,0.188,0.001,0.007,0
"156","McLennan County, Texas",244156,47330,41904,2492,2472,462,196826,18963,1451,1908,184,24824,22506,0.453,0.582,0.772,0.398,0.092,0.078,0.006,0.008,0.001
"157","McMullen County, Texas",620,104,104,0,0,0,516,85,0,0,0,19,85,0.817,0,0,0,0.137,0.137,0,0,0
"158","Madison County, Texas",12750,2448,2323,27,98,0,10302,1404,19,81,0,944,1504,0.604,0.704,0.827,0,0.118,0.11,0.001,0.006,0
"159","Marion County, Texas",9326,333,237,57,39,0,8993,92,42,39,0,160,173,0.388,0.737,1,0,0.019,0.01,0.005,0.004,0
"160","Martin County, Texas",4895,1716,1529,0,187,0,3179,997,0,160,0,559,1157,0.652,0,0.856,0,0.236,0.204,0,0.033,0
"161","Mason County, Texas",3619,643,522,4,117,0,2976,263,4,93,0,283,360,0.504,1,0.795,0,0.099,0.073,0.001,0.026,0
"162","Matagorda County, Texas",33585,9684,8933,512,214,25,23901,6329,19,185,25,3126,6558,0.708,0.037,0.864,1,0.195,0.188,0.001,0.006,0.001
"163","Maverick County, Texas",52723,46766,45940,36,40,750,5957,26932,13,40,549,19232,27534,0.586,0.361,1,0.732,0.522,0.511,0,0.001,0.01
"164","Medina County, Texas",48542,12345,11935,26,313,71,36197,8446,15,205,2,3677,8668,0.708,0.577,0.655,0.028,0.179,0.174,0,0.004,0
"165","Menard County, Texas",1888,460,460,0,0,0,1428,329,0,0,0,131,329,0.715,0,0,0,0.174,0.174,0,0,0
"166","Midland County, Texas",155093,52105,47188,2343,1004,1570,102988,32304,1223,843,1151,16584,35521,0.685,0.522,0.84,0.733,0.229,0.208,0.008,0.005,0.007
"167","Milam County, Texas",23682,4034,3867,89,64,14,19648,2171,63,57,14,1729,2305,0.561,0.708,0.891,1,0.097,0.092,0.003,0.002,0.001
"168","Mills County, Texas",4405,716,683,5,28,0,3689,583,3,28,0,102,614,0.854,0.6,1,0,0.139,0.132,0.001,0.006,0
"169","Mitchell County, Texas",8390,1675,1633,6,23,13,6715,1177,0,23,13,462,1213,0.721,0,1,1,0.145,0.14,0,0.003,0.002
"170","Montague County, Texas",19145,1518,1446,0,72,0,17627,1011,0,50,0,457,1061,0.699,0,0.694,0,0.055,0.053,0,0.003,0
"171","Montgomery County, Texas",589724,137516,111361,10575,12463,3117,452208,72540,7472,10184,2613,44707,92809,0.651,0.707,0.817,0.838,0.157,0.123,0.013,0.017,0.004
"172","Moore County, Texas",19366,10098,8786,630,62,620,9268,4868,307,35,241,4647,5451,0.554,0.487,0.565,0.389,0.281,0.251,0.016,0.002,0.012
"173","Morris County, Texas",11442,1253,960,97,54,142,10189,718,47,40,88,360,893,0.748,0.485,0.741,0.62,0.078,0.063,0.004,0.003,0.008
"174","Motley County, Texas",1147,105,105,0,0,0,1042,77,0,0,0,28,77,0.733,0,0,0,0.067,0.067,0,0,0
"175","Nacogdoches County, Texas",60831,9802,9104,425,245,28,51029,5217,334,169,28,4054,5748,0.573,0.786,0.69,1,0.094,0.086,0.005,0.003,0
"176","Navarro County, Texas",49387,12516,11522,800,135,59,36871,7073,336,108,59,4940,7576,0.614,0.42,0.8,1,0.153,0.143,0.007,0.002,0.001
"177","Newton County, Texas",11756,193,24,30,139,0,11563,13,4,139,0,37,156,0.542,0.133,1,0,0.013,0.001,0,0.012,0
"178","Nolan County, Texas",13636,3380,3269,22,89,0,10256,2468,10,60,0,842,2538,0.755,0.455,0.674,0,0.186,0.181,0.001,0.004,0
"179","Nueces County, Texas",331095,112644,104660,4696,2631,657,218451,82664,3159,2197,503,24121,88523,0.79,0.673,0.835,0.766,0.267,0.25,0.01,0.007,0.002
"180","Ochiltree County, Texas",9168,4571,4530,0,38,3,4597,2394,0,38,0,2139,2432,0.528,0,1,0,0.265,0.261,0,0.004,0
"181","Oldham County, Texas",2045,310,278,14,18,0,1735,148,10,18,0,134,176,0.532,0.714,1,0,0.086,0.072,0.005,0.009,0
"182","Orange County, Texas",79222,6067,4282,447,1266,72,73155,2545,224,830,69,2399,3668,0.594,0.501,0.656,0.958,0.046,0.032,0.003,0.01,0.001
"183","Palo Pinto County, Texas",26879,3336,3063,112,161,0,23543,2145,112,110,0,969,2367,0.7,1,0.683,0,0.088,0.08,0.004,0.004,0
"184","Panola County, Texas",21249,1826,1550,189,82,5,19423,1051,150,82,5,538,1288,0.678,0.794,1,1,0.061,0.049,0.007,0.004,0
"185","Parker County, Texas",142139,12435,10670,852,843,70,129704,6756,668,632,31,4348,8087,0.633,0.784,0.75,0.443,0.057,0.048,0.005,0.004,0
"186","Parmer County, Texas",9083,4823,4747,0,75,1,4260,3008,0,52,1,1762,3061,0.634,0,0.693,1,0.337,0.331,0,0.006,0
"187","Pecos County, Texas",14101,7205,6949,146,76,34,6896,5727,65,60,34,1319,5886,0.824,0.445,0.789,1,0.417,0.406,0.005,0.004,0.002
"188","Polk County, Texas",47988,6503,5843,267,114,279,41485,4230,141,90,246,1796,4707,0.724,0.528,0.789,0.882,0.098,0.088,0.003,0.002,0.005
"189","Potter County, Texas",109629,34801,26996,5129,417,2259,74828,18603,2484,248,1391,12075,22726,0.689,0.484,0.595,0.616,0.207,0.17,0.023,0.002,0.013
"190","Presidio County, Texas",5663,4205,4203,2,0,0,1458,1930,1,0,0,2274,1931,0.459,0.5,0,0,0.341,0.341,0,0,0
"191","Rains County, Texas",11719,668,533,71,32,32,11051,193,12,17,32,414,254,0.362,0.169,0.531,1,0.022,0.016,0.001,0.001,0.003
"192","Randall County, Texas",132986,16423,12440,1537,1976,470,116563,9877,649,1412,312,4173,12250,0.794,0.422,0.715,0.664,0.092,0.074,0.005,0.011,0.002
"193","Reagan County, Texas",3010,1603,1532,71,0,0,1407,1099,39,0,0,465,1138,0.717,0.549,0,0,0.378,0.365,0.013,0,0
"194","Real County, Texas",2668,349,349,0,0,0,2319,267,0,0,0,82,267,0.765,0,0,0,0.1,0.1,0,0,0
"195","Red River County, Texas",10928,543,448,11,82,2,10385,178,11,65,2,287,256,0.397,1,0.793,1,0.023,0.016,0.001,0.006,0
"196","Reeves County, Texas",13187,6934,6799,135,0,0,6253,4615,72,0,0,2247,4687,0.679,0.533,0,0,0.355,0.35,0.005,0,0
"197","Refugio County, Texas",6341,1842,1810,1,22,9,4499,1565,1,0,9,267,1575,0.865,1,0,1,0.248,0.247,0,0,0.001
"198","Roberts County, Texas",745,21,9,0,12,0,724,2,0,12,0,7,14,0.222,0,1,0,0.019,0.003,0,0.016,0
"199","Robertson County, Texas",15850,1913,1659,0,49,205,13937,1299,0,49,202,363,1550,0.783,0,1,0.985,0.098,0.082,0,0.003,0.013
"200","Rockwall County, Texas",103994,15066,10864,1774,1846,582,88928,7766,1289,1326,478,4207,10859,0.715,0.727,0.718,0.821,0.104,0.075,0.012,0.013,0.005
"201","Runnels County, Texas",9306,1999,1933,6,59,1,7307,1445,0,59,1,494,1505,0.748,0,1,1,0.162,0.155,0,0.006,0
"202","Rusk County, Texas",49838,6968,6533,201,203,31,42870,4210,150,203,21,2384,4584,0.644,0.746,1,0.677,0.092,0.084,0.003,0.004,0
"203","Sabine County, Texas",9521,356,234,71,16,35,9165,229,71,8,24,24,332,0.979,1,0.5,0.686,0.035,0.024,0.007,0.001,0.003
"204","San Augustine County, Texas",7633,536,527,0,9,0,7097,289,0,9,0,238,298,0.548,0,1,0,0.039,0.038,0,0.001,0
"205","San Jacinto County, Texas",26322,4030,3813,2,110,105,22292,2390,2,102,105,1431,2599,0.627,1,0.927,1,0.099,0.091,0,0.004,0.004
"206","San Patricio County, Texas",64306,20372,19402,484,445,41,43934,16246,275,191,21,3639,16733,0.837,0.568,0.429,0.512,0.26,0.253,0.004,0.003,0
"207","San Saba County, Texas",5535,1211,1160,7,25,19,4324,797,0,25,0,389,822,0.687,0,1,0,0.149,0.144,0,0.005,0
"208","Schleicher County, Texas",2265,831,823,8,0,0,1434,688,3,0,0,140,691,0.836,0.375,0,0,0.305,0.304,0.001,0,0
"209","Scurry County, Texas",15820,3882,3778,86,18,0,11938,2665,48,18,0,1151,2731,0.705,0.558,1,0,0.173,0.168,0.003,0.001,0
"210","Shackelford County, Texas",2991,173,142,6,25,0,2818,126,6,25,0,16,157,0.887,1,1,0,0.052,0.042,0.002,0.008,0
"211","Shelby County, Texas",22496,3486,3400,53,33,0,19010,1957,31,33,0,1465,2021,0.576,0.585,1,0,0.09,0.087,0.001,0.001,0
"212","Sherman County, Texas",2273,898,892,5,0,1,1375,600,5,0,0,293,605,0.673,1,0,0,0.266,0.264,0.002,0,0
"213","Smith County, Texas",219593,39338,34274,2308,1540,1216,180255,19415,1322,1058,1028,16515,22823,0.566,0.573,0.687,0.845,0.104,0.088,0.006,0.005,0.005
"214","Somervell County, Texas",8974,1600,1391,50,145,14,7374,844,50,77,14,615,985,0.607,1,0.531,1,0.11,0.094,0.006,0.009,0.002
"215","Starr County, Texas",59633,54277,54240,34,2,1,5356,33098,29,2,1,21147,33130,0.61,0.853,1,1,0.556,0.555,0,0,0
"216","Stephens County, Texas",8722,1522,1445,32,29,16,7200,684,8,14,16,800,722,0.473,0.25,0.483,1,0.083,0.078,0.001,0.002,0.002
"217","Sterling County, Texas",1266,274,274,0,0,0,992,224,0,0,0,50,224,0.818,0,0,0,0.177,0.177,0,0,0
"218","Stonewall County, Texas",1190,143,129,0,0,14,1047,71,0,0,14,58,85,0.55,0,0,1,0.071,0.06,0,0,0.012
"219","Sutton County, Texas",3162,1727,1717,10,0,0,1435,1262,10,0,0,455,1272,0.735,1,0,0,0.402,0.399,0.003,0,0
"220","Swisher County, Texas",6577,1970,1964,2,0,4,4607,1408,0,0,4,558,1412,0.717,0,0,1,0.215,0.214,0,0,0.001
"221","Tarrant County, Texas",1975444,578692,412892,69090,56008,40702,1396752,260216,36395,39826,28589,213666,365026,0.63,0.527,0.711,0.702,0.185,0.132,0.018,0.02,0.014
"222","Taylor County, Texas",133107,22463,17847,1949,1745,922,110644,14004,1405,1162,419,5473,16990,0.785,0.721,0.666,0.454,0.128,0.105,0.011,0.009,0.003
"223","Terrell County, Texas",851,321,321,0,0,0,530,274,0,0,0,47,274,0.854,0,0,0,0.322,0.322,0,0,0
"224","Terry County, Texas",10963,4323,3799,11,505,8,6640,2842,11,207,8,1255,3068,0.748,1,0.41,1,0.28,0.259,0.001,0.019,0.001
"225","Throckmorton County, Texas",1322,75,49,6,20,0,1247,35,3,8,0,29,46,0.714,0.5,0.4,0,0.035,0.026,0.002,0.006,0
"226","Titus County, Texas",29029,10867,10483,253,131,0,18162,6120,29,106,0,4612,6255,0.584,0.115,0.809,0,0.215,0.211,0.001,0.004,0
"227","Tom Green County, Texas",111675,27134,25129,780,1007,218,84541,18804,360,905,152,6913,20221,0.748,0.462,0.899,0.697,0.181,0.168,0.003,0.008,0.001
"228","Travis County, Texas",1214982,360154,256653,45416,40297,17788,854828,161219,28854,32101,12663,125317,234837,0.628,0.635,0.797,0.712,0.193,0.133,0.024,0.026,0.01
"229","Trinity County, Texas",13077,1486,1226,60,200,0,11591,690,60,200,0,536,950,0.563,1,1,0,0.073,0.053,0.005,0.015,0
"230","Tyler County, Texas",19188,1303,1036,89,168,10,17885,595,35,117,0,556,747,0.574,0.393,0.696,0,0.039,0.031,0.002,0.006,0
"231","Upshur County, Texas",38896,2001,1779,148,74,0,36895,1166,0,72,0,763,1238,0.655,0,0.973,0,0.032,0.03,0,0.002,0
"232","Upton County, Texas",3180,1194,1177,17,0,0,1986,997,5,0,0,192,1002,0.847,0.294,0,0,0.315,0.314,0.002,0,0
"233","Uvalde County, Texas",23084,11346,11052,195,95,4,11738,7975,146,87,0,3138,8208,0.722,0.749,0.916,0,0.356,0.345,0.006,0.004,0
"234","Val Verde County, Texas",43937,28655,28406,122,116,11,15282,19066,90,116,0,9383,19272,0.671,0.738,1,0,0.439,0.434,0.002,0.003,0
"235","Van Zandt County, Texas",56554,4846,4456,81,296,13,51708,3044,34,265,13,1490,3356,0.683,0.42,0.895,1,0.059,0.054,0.001,0.005,0
"236","Victoria County, Texas",85214,20563,19156,890,413,104,64651,14906,436,328,84,4809,15754,0.778,0.49,0.794,0.808,0.185,0.175,0.005,0.004,0.001
"237","Walker County, Texas",74180,12698,10356,670,402,1270,61482,7041,481,377,917,3882,8816,0.68,0.718,0.938,0.722,0.119,0.095,0.006,0.005,0.012
"238","Waller County, Texas",53917,12676,11707,378,402,189,41241,7174,291,273,176,4762,7914,0.613,0.77,0.679,0.931,0.147,0.133,0.005,0.005,0.003
"239","Ward County, Texas",10479,3624,3552,71,1,0,6855,2618,18,1,0,987,2637,0.737,0.254,1,0,0.252,0.25,0.002,0,0
"240","Washington County, Texas",33920,4384,4010,128,240,6,29536,2768,104,234,6,1272,3112,0.69,0.812,0.975,1,0.092,0.082,0.003,0.007,0
"241","Webb County, Texas",244692,216824,214937,1051,618,218,27868,119705,757,489,80,95793,121031,0.557,0.72,0.791,0.367,0.495,0.489,0.003,0.002,0
"242","Wharton County, Texas",38785,10403,10140,58,205,0,28382,6649,29,183,0,3542,6861,0.656,0.5,0.893,0,0.177,0.171,0.001,0.005,0
"243","Wheeler County, Texas",4680,897,849,17,13,18,3783,441,11,13,18,414,483,0.519,0.647,1,1,0.103,0.094,0.002,0.003,0.004
"244","Wichita County, Texas",121630,15724,11845,1825,1273,781,105906,8335,1166,892,710,4621,11103,0.704,0.639,0.701,0.909,0.091,0.069,0.01,0.007,0.006
"245","Wilbarger County, Texas",11953,2343,2063,256,22,2,9610,1521,227,22,0,573,1770,0.737,0.887,1,0,0.148,0.127,0.019,0.002,0
"246","Willacy County, Texas",19072,11818,11815,3,0,0,7254,8780,3,0,0,3035,8783,0.743,1,0,0,0.461,0.46,0,0,0
"247","Williamson County, Texas",579812,138476,80948,28321,22817,6390,441336,55957,19784,17503,5112,40120,98356,0.691,0.699,0.767,0.8,0.17,0.097,0.034,0.03,0.009
"248","Wilson County, Texas",47567,10334,9702,119,506,7,37233,6931,92,391,7,2913,7421,0.714,0.773,0.773,1,0.156,0.146,0.002,0.008,0
"249","Winkler County, Texas",7065,3308,3265,43,0,0,3757,2305,0,0,0,1003,2305,0.706,0,0,0,0.326,0.326,0,0,0
"250","Wise County, Texas",65915,10893,10085,367,422,19,55022,5946,278,369,13,4287,6606,0.59,0.757,0.874,0.684,0.1,0.09,0.004,0.006,0
"251","Wood County, Texas",43270,4025,3203,200,425,197,39245,1908,148,353,117,1499,2526,0.596,0.74,0.831,0.594,0.058,0.044,0.003,0.008,0.003
"252","Yoakum County, Texas",6955,4298,3934,0,364,0,2657,2529,0,152,0,1617,2681,0.643,0,0.418,0,0.385,0.364,0,0.022,0
"253","Young County, Texas",16919,2546,2370,107,46,23,14373,1090,75,46,23,1312,1234,0.46,0.701,1,1,0.073,0.064,0.004,0.003,0.001
"254","Zapata County, Texas",12762,10943,10943,0,0,0,1819,6923,0,0,0,4020,6923,0.633,0,0,0,0.542,0.542,0,0,0
"255","Zavala County, Texas",9003,6380,6380,0,0,0,2623,4898,0,0,0,1482,4898,0.768,0,0,0,0.544,0.544,0,0,0
