"","Geographic.Area.Name","Total..Estimate..Population.5.years.and.over","NonEnglish_Language_Estimate","Percent_Bilangual","Percent_Spanish_Bilangual","Percent_Asian_Pacific_Bilangual","Percent_IndoEuro_Bilangual","Percent_Other_Bilangual","Spanish_Estimate","Asian_Pacific_Estimate","Other_Indo_Europe_Estimate","Other_Estimate","Spanish_Bilangual","Asian_Pacific_Bilangual","IndoEuro_Bilangual","Other_Bilangual"
"1","Texas",23280055,0.346,"58.5",57.5,53.9,74.8,28.4,6848380,594568,465601,145288,3937818,320472,348270,41262
"2","Anderson County, Texas",55113,0.131,"65.3",64.9,50.5,95.4,4.9,6706,305,110,102,4352,154,105,5
"3","Andrews County, Texas",13747,0.399,"62.6",63.5,37.5,100,0,5235,216,27,0,3324,81,27,0
"4","Angelina County, Texas",80130,0.169,"59.4",58,69.1,89.7,0,12781,249,401,57,7413,172,360,0
"5","Aransas County, Texas",22118,0.176,"64.6",66.8,42.5,80.3,75.8,3359,325,133,66,2244,138,107,50
"6","Archer County, Texas",8520,0.069,"51.6",52.3,30.8,80,0,535,39,17,0,280,12,14,0
"7","Armstrong County, Texas",1720,0.074,"74",74.4,57.1,100,0,117,7,3,0,87,4,3,0
"8","Atascosa County, Texas",41674,0.404,"69.5",69.4,56.1,89.7,29.3,16548,82,125,75,11484,46,112,22
"9","Austin County, Texas",26546,0.193,"57.4",55,61.8,81.6,0,4617,34,451,0,2539,21,368,0
"10","Bailey County, Texas",6478,0.462,"67.9",68.2,0,0,0,2979,12,0,0,2032,0,0,0
"11","Bandera County, Texas",19471,0.108,"83.5",83.6,70.7,89.9,0,1850,92,156,0,1547,65,140,0
"12","Bastrop County, Texas",69095,0.245,"60.3",59.8,64.7,81.7,61.1,15997,470,345,72,9566,304,282,44
"13","Baylor County, Texas",3520,0.065,"53.9",46.4,0,100,0,196,0,32,0,91,0,32,0
"14","Bee County, Texas",30197,0.364,"78.1",78.3,98,63.4,38.9,10634,101,181,72,8326,99,115,28
"15","Bell County, Texas",282057,0.172,"69.9",69.4,63.2,77.3,17.6,34908,6301,6487,892,24226,3982,5014,157
"16","Bexar County, Texas",1589642,0.424,"70.4",70.8,55.9,79.3,37.4,616080,26232,23845,7010,436185,14664,18909,2622
"17","Blanco County, Texas",9883,0.147,"48.7",46,100,84.5,100,1341,7,99,5,617,7,84,5
"18","Borden County, Texas",578,0.1,"86.2",87.3,0,66.7,0,55,0,3,0,48,0,2,0
"19","Bosque County, Texas",17128,0.129,"62.8",62.7,72,59.6,0,2141,25,51,3,1342,18,30,0
"20","Bowie County, Texas",86491,0.068,"63",61.2,41.5,92.5,14,4450,636,605,186,2723,264,560,26
"21","Brazoria County, Texas",289310,0.252,"69.3",67.5,69.4,82.5,15.9,55027,10550,6076,1133,37143,7322,5013,180
"22","Brazos County, Texas",181532,0.224,"59",57.1,53.7,70.8,17.1,28285,6105,5446,855,16151,3278,3856,146
"23","Brewster County, Texas",8664,0.378,"85.8",86.1,74.4,87.3,0,3109,86,78,0,2677,64,68,0
"24","Briscoe County, Texas",1533,0.2,"58.2",58.2,0,0,0,306,0,0,0,178,0,0,0
"25","Brooks County, Texas",6663,0.687,"77.4",78.2,14.3,100,0,4503,63,13,0,3521,9,13,0
"26","Brown County, Texas",35699,0.084,"62.1",64.8,29.3,31,0,2756,123,107,3,1786,36,33,0
"27","Burleson County, Texas",16089,0.139,"54",50.9,100,68.4,0,1904,33,306,0,969,33,209,0
"28","Burnet County, Texas",40513,0.138,"55.9",55.9,18.3,67,4.5,5132,115,324,22,2869,21,217,1
"29","Caldwell County, Texas",35535,0.299,"74.8",74.9,44.6,82.9,11.1,10450,65,71,18,7827,29,59,2
"30","Calhoun County, Texas",19846,0.279,"59.8",60.5,45.1,100,66.7,4918,486,99,30,2975,219,99,20
"31","Callahan County, Texas",12706,0.048,"72.9",70.4,71.4,85.2,0,521,14,51,23,367,10,43,0
"32","Cameron County, Texas",369397,0.732,"59.5",59.4,63.8,64.5,23.7,266994,1631,1478,417,158594,1041,953,99
"33","Camp County, Texas",11527,0.21,"43.1",42.9,100,57.9,73.3,2341,9,35,30,1004,9,20,22
"34","Carson County, Texas",5867,0.077,"81.2",80.1,100,100,0,428,10,12,0,343,10,12,0
"35","Cass County, Texas",28596,0.034,"68",63.9,60.3,100,0,803,58,114,14,513,35,114,0
"36","Castro County, Texas",7286,0.499,"58",58.2,0,100,0,3619,12,7,0,2106,0,7,0
"37","Chambers County, Texas",32154,0.179,"61.9",59.3,28.7,90,0,4903,195,611,54,2907,56,550,0
"38","Cherokee County, Texas",47099,0.164,"54.5",54,38.1,91.7,0,7445,126,141,29,4020,48,129,0
"39","Childress County, Texas",6797,0.144,"73.6",75.2,100,55.1,0,846,13,109,10,636,13,60,0
"40","Clay County, Texas",10128,0.03,"74.1",69.6,100,89.1,0,237,4,61,0,165,4,54,0
"41","Cochran County, Texas",2845,0.417,"57.6",59.5,50,17.3,0,1133,2,51,0,674,1,9,0
"42","Coke County, Texas",3134,0.137,"81.8",81.6,0,100,0,425,0,3,0,347,0,3,0
"43","Coleman County, Texas",8235,0.048,"71.1",67.9,100,100,0,355,4,33,0,241,4,33,0
"44","Collin County, Texas",730066,0.249,"62.6",57.6,60.1,71.5,23.4,80577,49457,40154,11967,46412,29724,28710,2800
"45","Collingsworth County, Texas",2783,0.263,"61.9",63.1,100,31.8,70,678,13,22,20,428,13,7,14
"46","Colorado County, Texas",19563,0.214,"68",68,24.4,79.4,0,3743,90,352,0,2545,22,279,0
"47","Comal County, Texas",102769,0.177,"72.9",70.3,71.7,89.3,13.4,15140,612,2364,97,10643,439,2111,13
"48","Comanche County, Texas",12969,0.199,"59.3",58.3,100,86.3,0,2500,11,78,0,1458,11,67,0
"49","Concho County, Texas",3906,0.413,"32.9",31.7,100,81.3,0,1582,15,16,0,501,15,13,0
"50","Cooke County, Texas",35725,0.141,"58.1",57,47,87.9,13.6,4639,168,179,44,2644,79,157,6
"51","Coryell County, Texas",69473,0.146,"74.5",75.9,58,79.7,30.1,6826,1168,1945,143,5181,677,1550,43
"52","Cottle County, Texas",1508,0.11,"71.1",71.6,0,100,0,162,2,2,0,116,0,2,0
"53","Crane County, Texas",4048,0.474,"65.4",65.3,0,100,0,1913,0,4,0,1249,0,4,0
"54","Crockett County, Texas",3362,0.419,"68.9",69.4,0,31.3,0,1391,0,17,0,965,0,5,0
"55","Crosby County, Texas",5593,0.346,"66.2",66,0,100,0,1924,0,11,0,1270,0,11,0
"56","Culberson County, Texas",2232,0.643,"79.7",79.4,0,100,0,1415,0,16,6,1124,0,16,0
"57","Dallam County, Texas",6105,0.347,"48.9",52.6,0,31.6,0,1792,31,293,0,943,0,93,0
"58","Dallas County, Texas",2185375,0.401,"52.1",50.1,51.6,73,30.2,725958,74987,50264,25428,363705,38693,36693,7679
"59","Dawson County, Texas",12793,0.378,"66.8",66.6,100,71.4,0,4667,11,154,0,3108,11,110,0
"60","Deaf Smith County, Texas",17396,0.522,"60.8",61.5,61.1,52.9,77.3,8860,36,35,150,5449,22,19,116
"61","Delta County, Texas",4918,0.042,"40.9",38.7,0,100,50,194,0,5,8,75,0,5,4
"62","Denton County, Texas",618167,0.216,"60.5",56.4,57.2,78.1,15.9,84135,26549,19163,4014,47452,15186,14966,638
"63","DeWitt County, Texas",19003,0.185,"74.7",72.7,86.4,96.2,0,3198,44,266,13,2325,38,256,0
"64","Dickens County, Texas",2282,0.15,"63.6",63.7,0,0,0,342,1,0,0,218,0,0,0
"65","Dimmit County, Texas",9225,0.731,"60.1",59.7,0,97.3,0,6665,0,37,39,3979,0,36,0
"66","Donley County, Texas",3473,0.071,"67.3",68.4,86.7,55,0,193,15,42,0,132,13,23,0
"67","Duval County, Texas",11019,0.666,"69.7",69.7,0,100,0,7319,6,22,0,5101,0,22,0
"68","Eastland County, Texas",17452,0.086,"64.5",61.4,81.7,91.8,0,1326,60,105,10,814,49,96,0
"69","Ector County, Texas",125969,0.42,"66.8",66.7,66.8,70.8,30.5,51100,719,756,239,34084,480,535,73
"70","Edwards County, Texas",1939,0.49,"78.8",78.8,0,0,0,950,0,0,0,749,0,0,0
"71","Ellis County, Texas",138877,0.192,"60.6",59.7,65.1,77.7,24.7,24793,696,833,380,14801,453,647,94
"72","El Paso County, Texas",735487,0.736,"58.2",58,51.3,70.2,24.9,526525,5730,7355,1448,305384,2939,5163,361
"73","Erath County, Texas",35781,0.174,"61.7",60.4,72.6,87.4,0,5804,219,179,0,3506,159,156,0
"74","Falls County, Texas",16698,0.166,"65",63.5,59.2,94.7,0,2494,125,150,0,1584,74,142,0
"75","Fannin County, Texas",31939,0.085,"63.2",60.6,82.4,95.6,0,2472,125,128,13,1498,103,122,0
"76","Fayette County, Texas",23227,0.18,"61.5",54.9,0,86.5,0,3307,0,883,0,1816,0,764,0
"77","Fisher County, Texas",3752,0.183,"73.8",74.1,0,65,0,667,0,19,0,494,0,12,0
"78","Floyd County, Texas",5943,0.37,"72.4",72.3,0,100,0,2192,0,6,0,1585,0,6,0
"79","Foard County, Texas",1186,0.093,"82.7",83,50,100,0,94,6,9,0,78,3,9,0
"80","Fort Bend County, Texas",544450,0.377,"64.9",63.8,59.5,73,27.2,101643,53349,38112,12026,64848,31743,27822,3271
"81","Franklin County, Texas",9906,0.132,"56.7",57.4,0,100,0,1266,25,10,0,727,0,10,0
"82","Freestone County, Texas",18401,0.114,"61.3",61.4,47.8,82.9,100,1931,23,110,34,1186,11,91,34
"83","Frio County, Texas",16136,0.607,"72.3",72.6,0,55.9,100,9699,19,65,11,7041,0,36,11
"84","Gaines County, Texas",15802,0.491,"60.1",55.9,68.8,64.4,0,3995,96,3666,0,2233,66,2361,0
"85","Galveston County, Texas",272873,0.186,"63.9",62.5,56.8,80.6,14.2,39854,5507,4912,626,24909,3128,3959,89
"86","Garza County, Texas",5861,0.519,"18.9",17.8,100,49,40.6,2954,7,47,32,526,7,23,13
"87","Gillespie County, Texas",23562,0.231,"64.3",55.6,4.8,84.9,0,3785,21,1602,44,2104,1,1360,0
"88","Glasscock County, Texas",1195,0.206,"50.4",50,0,100,0,244,0,2,0,122,0,2,0
"89","Goliad County, Texas",6816,0.202,"70.7",69.3,77.8,92.3,0,1287,9,75,0,892,7,69,0
"90","Gonzales County, Texas",18308,0.395,"68.9",68.4,100,80.4,0,6964,21,238,9,4763,21,191,0
"91","Gray County, Texas",21044,0.182,"65.1",64.1,48.1,96,0,3559,106,168,0,2281,51,161,0
"92","Grayson County, Texas",112853,0.097,"57.6",54.1,41.4,80.2,16.6,9096,278,1354,199,4921,115,1086,33
"93","Gregg County, Texas",112401,0.157,"51.7",49.5,67.9,71,19,15848,834,787,226,7845,566,559,43
"94","Grimes County, Texas",24992,0.183,"59.6",60,6.5,78.2,0,4231,124,200,25,2539,8,156,0
"95","Guadalupe County, Texas",122842,0.246,"71",70.7,59.6,80.1,0,27274,1047,1843,62,19283,624,1476,0
"96","Hale County, Texas",33212,0.37,"71.1",71,70.9,78,0,12059,79,133,11,8562,56,104,0
"97","Hall County, Texas",3126,0.241,"59.5",56.2,100,100,0,696,5,47,5,391,5,47,0
"98","Hamilton County, Texas",7995,0.072,"63.2",64.5,0,42.1,0,555,5,16,0,358,0,7,0
"99","Hansford County, Texas",5126,0.369,"58.6",58.3,61.5,100,0,1867,13,10,0,1088,8,10,0
"100","Hardeman County, Texas",3865,0.128,"62.3",65.5,0,100,0,469,24,0,0,307,0,0,0
"101","Hardin County, Texas",50813,0.039,"61.9",64.2,32.7,77.9,100,1504,220,254,12,966,72,198,12
"102","Harris County, Texas",3765122,0.425,"50.9",48.8,48,72.9,29.8,1286188,164899,109189,38499,627660,79152,79599,11473
"103","Harrison County, Texas",61363,0.102,"49.1",45.5,54.6,78.6,0,5554,152,491,111,2527,83,386,0
"104","Hartley County, Texas",5681,0.189,"61.3",58.3,0,100,100,977,6,85,1,570,0,85,1
"105","Haskell County, Texas",5574,0.169,"45.2",44.5,0,71.4,51.9,895,0,22,27,398,0,16,14
"106","Hays County, Texas",147847,0.235,"71.4",70.5,66.5,85.3,12.4,31163,1152,2218,217,21970,766,1892,27
"107","Hemphill County, Texas",3574,0.236,"49.2",49.2,0,55.6,0,836,0,11,0,411,0,6,0
"108","Henderson County, Texas",73943,0.09,"58.7",57.1,23.5,88.5,0,6016,162,518,5,3435,38,458,0
"109","Hidalgo County, Texas",699054,0.85,"61.3",61.2,67,65.7,7.2,586409,4890,2097,652,358882,3276,1378,47
"110","Hill County, Texas",32787,0.153,"59",56.7,55.8,85.2,9.8,4510,86,361,41,2557,48,308,4
"111","Hockley County, Texas",21311,0.314,"72.5",73.1,52.1,63,94.1,6505,48,107,34,4755,25,67,32
"112","Hood County, Texas",48317,0.095,"62.2",58.6,88.2,95.7,0,4103,161,290,0,2404,142,278,0
"113","Hopkins County, Texas",32636,0.145,"53.8",52.6,62.7,72.5,0,4402,142,163,16,2315,89,118,0
"114","Houston County, Texas",22302,0.092,"70",71,37.4,77.6,0,1734,107,201,0,1231,40,156,0
"115","Howard County, Texas",32657,0.287,"55.8",56.5,40.6,47.4,38.1,8782,318,229,63,4962,129,109,24
"116","Hudspeth County, Texas",3162,0.802,"57.9",57.4,0,86.1,0,2493,0,35,6,1431,0,30,0
"117","Hunt County, Texas",80246,0.127,"62.1",63.3,37.8,64.3,9.4,8729,624,722,117,5525,236,464,11
"118","Hutchinson County, Texas",20482,0.155,"65.8",65.5,75.9,66.2,0,3019,79,82,0,1977,60,54,0
"119","Irion County, Texas",1520,0.203,"71.8",72.2,55.6,0,0,299,9,0,0,216,5,0,0
"120","Jack County, Texas",8574,0.12,"46.3",46,0,100,0,981,22,26,0,451,0,26,0
"121","Jackson County, Texas",13036,0.225,"71.9",69.9,55.6,100,0,2728,9,196,0,1907,5,196,0
"122","Jasper County, Texas",33257,0.066,"59.4",57.2,59.5,69.5,22.7,1720,148,266,66,984,88,185,15
"123","Jeff Davis County, Texas",2194,0.441,"80.2",80,0,100,0,958,0,11,0,766,0,11,0
"124","Jefferson County, Texas",234413,0.188,"57",53.5,55.1,80.2,19.7,32812,5722,4688,711,17554,3153,3760,140
"125","Jim Hogg County, Texas",4850,0.815,"74.9",74.8,0,0,0,3936,0,0,18,2944,0,0,0
"126","Jim Wells County, Texas",37681,0.523,"76.9",77,17.1,99,32.5,19502,41,113,77,15017,7,112,25
"127","Johnson County, Texas",140482,0.142,"62.1",62.6,41.2,70,7.7,18159,951,702,142,11368,392,491,11
"128","Jones County, Texas",19218,0.199,"56",55.9,67.1,59.2,100,3671,70,77,7,2052,47,46,7
"129","Karnes County, Texas",14132,0.382,"70.7",70.2,0,80.2,16.7,5146,0,212,42,3612,0,170,7
"130","Kaufman County, Texas",95697,0.144,"53.6",51.7,65.6,75.8,19.9,12436,688,478,166,6429,451,362,33
"131","Kendall County, Texas",31981,0.183,"59.1",57.2,82.2,67.5,0,5018,202,640,0,2870,166,432,0
"132","Kenedy County, Texas",431,0.216,"54.8",55.4,0,0,100,92,0,0,1,51,0,0,1
"133","Kent County, Texas",782,0.055,"51.2",51.2,0,0,0,43,0,0,0,22,0,0,0
"134","Kerr County, Texas",46896,0.183,"67.9",68,55.8,73.5,0,7942,242,375,7,5401,135,276,0
"135","Kimble County, Texas",4358,0.232,"67.9",68.1,0,60,0,990,0,22,0,674,0,13,0
"136","King County, Texas",227,0.123,"64.3",85.7,0,0,0,21,0,7,0,18,0,0,0
"137","Kinney County, Texas",3343,0.558,"76.1",77.4,36.7,100,0,1716,90,57,0,1328,33,57,0
"138","Kleberg County, Texas",29423,0.5,"72.6",73.4,61.4,57.9,47.5,13910,368,382,40,10210,226,221,19
"139","Knox County, Texas",3433,0.211,"58.5",58.2,0,71.4,0,708,0,14,1,412,0,10,0
"140","Lamar County, Texas",46515,0.067,"59.4",61.9,21.5,62,0,2136,219,744,23,1322,47,461,0
"141","Lamb County, Texas",12819,0.371,"62.5",62.4,70.6,81.8,0,4734,17,13,0,2954,12,11,0
"142","Lampasas County, Texas",18572,0.136,"66.6",65.8,64.7,82,70.9,2014,116,316,79,1325,75,259,56
"143","La Salle County, Texas",6294,0.632,"60.5",60.3,100,54.5,0,3944,20,13,0,2378,20,7,0
"144","Lavaca County, Texas",18050,0.176,"74.3",68.9,66.7,90.2,0,2338,21,812,0,1611,14,732,0
"145","Lee County, Texas",15568,0.197,"58.2",52.8,100,84.7,0,2597,75,374,34,1371,75,317,0
"146","Leon County, Texas",15784,0.093,"39.4",39.8,0,13.6,0,1442,0,16,0,574,0,2,0
"147","Liberty County, Texas",70451,0.164,"66.3",66.1,59.5,70.1,0,10631,158,705,21,7027,94,494,0
"148","Limestone County, Texas",21835,0.176,"32",30.8,38.8,53.7,39.3,3587,103,131,28,1105,40,70,11
"149","Lipscomb County, Texas",3008,0.249,"53.5",52,0,100,0,725,1,12,13,377,0,12,0
"150","Live Oak County, Texas",10971,0.283,"73.2",73.3,47.7,100,7.7,2939,88,66,13,2154,42,66,1
"151","Llano County, Texas",18333,0.062,"52.4",52.7,100,36.4,0,1056,14,73,0,557,14,27,0
"152","Loving County, Texas",85,0,"-",0,0,0,0,0,0,0,0,0,0,0,0
"153","Lubbock County, Texas",258475,0.217,"74.6",74.8,59.4,86.2,16.6,49119,3233,2843,859,36741,1920,2451,143
"154","Lynn County, Texas",5467,0.344,"65.4",68.6,0,14.7,0,1760,0,115,4,1207,0,17,0
"155","McCulloch County, Texas",7761,0.19,"66.5",65.3,100,100,0,1425,44,8,0,931,44,8,0
"156","McLennan County, Texas",217932,0.188,"56.5",55,49.7,80,38.5,35552,2206,2833,351,19554,1096,2266,135
"157","McMullen County, Texas",662,0.36,"76.5",76.5,0,0,0,238,0,0,0,182,0,0,0
"158","Madison County, Texas",12855,0.192,"76.4",75.6,88.2,100,0,2367,34,51,10,1789,30,51,0
"159","Marion County, Texas",9956,0.041,"83.7",86.1,0,100,0,332,21,50,7,286,0,50,0
"160","Martin County, Texas",4427,0.28,"61.5",62.6,0,49.5,0,1127,0,111,2,706,0,55,0
"161","Mason County, Texas",3779,0.182,"47.3",40.2,0,94.4,0,599,0,91,0,241,0,86,0
"162","Matagorda County, Texas",34023,0.286,"58",58.5,36.7,70.8,16.7,8849,493,340,60,5177,181,241,10
"163","Maverick County, Texas",49350,0.939,"49.4",49.2,36.2,80,39.8,45901,47,99,319,22583,17,79,127
"164","Medina County, Texas",43010,0.35,"74.6",74,100,98.4,0,14708,51,301,3,10884,51,296,0
"165","Menard County, Texas",2094,0.254,"68.6",66.7,0,97,0,499,0,34,0,333,0,33,0
"166","Midland County, Texas",127270,0.298,"63.1",62.4,51.8,86.9,16.3,35206,1028,1273,418,21969,533,1106,68
"167","Milam County, Texas",22973,0.157,"65",63.3,55.4,92.9,0,3323,56,230,0,2103,31,214,0
"168","Mills County, Texas",4611,0.123,"42.7",41.4,0,66.7,0,543,0,18,4,225,0,12,0
"169","Mitchell County, Texas",8834,0.269,"71.6",71.3,64.2,100,0,2279,53,44,0,1625,34,44,0
"170","Montague County, Texas",18478,0.087,"71.9",69.6,95.2,95.1,0,1469,21,111,16,1022,20,106,0
"171","Montgomery County, Texas",424918,0.189,"56.3",52.9,63,83,26.2,67133,5459,6374,1261,35513,3439,5290,330
"172","Moore County, Texas",19732,0.518,"56.3",60.4,11.9,88.8,69.2,8790,901,316,211,5309,107,281,146
"173","Morris County, Texas",12097,0.068,"56.4",56.1,0,72.7,31.4,772,6,12,35,433,0,9,11
"174","Motley County, Texas",1113,0.1,"73.9",73.6,100,0,0,110,1,0,0,81,1,0,0
"175","Nacogdoches County, Texas",60161,0.16,"55",54.7,53.2,72.6,59.8,8653,588,301,107,4733,313,219,64
"176","Navarro County, Texas",44229,0.203,"47.7",46,72.5,77.8,0,8478,211,310,2,3900,153,241,0
"177","Newton County, Texas",13572,0.045,"57.9",54.1,41.1,80.2,0,379,107,95,24,205,44,76,0
"178","Nolan County, Texas",14025,0.217,"73.5",73.9,100,65.1,100,2985,7,42,14,2206,7,27,14
"179","Nueces County, Texas",316598,0.407,"69.8",69.9,57.1,78.4,12.4,121095,3807,3483,588,84645,2174,2731,73
"180","Ochiltree County, Texas",9346,0.417,"53",52.9,50,100,0,3875,12,9,0,2050,6,9,0
"181","Oldham County, Texas",1934,0.08,"74.7",77,0,100,0,135,8,12,0,104,0,12,0
"182","Orange County, Texas",76962,0.058,"67.2",66.5,48.3,85.2,56.2,2839,654,847,73,1888,316,722,41
"183","Palo Pinto County, Texas",26099,0.126,"42",38.9,17.2,84.5,60,2965,58,261,10,1153,10,221,6
"184","Panola County, Texas",22284,0.06,"47.3",45.6,68.3,100,0,1270,41,22,0,579,28,22,0
"185","Parker County, Texas",109648,0.086,"61.6",58.5,71.7,77.6,8.2,7968,350,768,281,4661,251,596,23
"186","Parmer County, Texas",9323,0.498,"52",51.8,0,90.9,0,4602,5,37,0,2384,0,34,0
"187","Pecos County, Texas",14309,0.539,"67.8",68.3,0,12.5,0,7651,0,57,0,5226,0,7,0
"188","Polk County, Texas",42991,0.134,"60.9",59.4,24.7,76.3,23.3,4988,81,430,266,2963,20,328,62
"189","Potter County, Texas",110844,0.296,"59.1",62.1,36,77.7,58.5,27516,3754,887,650,17087,1351,689,380
"190","Presidio County, Texas",7058,0.866,"62.7",62.2,100,100,0,6018,1,92,0,3743,1,92,0
"191","Rains County, Texas",10469,0.077,"80.1",81.3,100,41.4,44.4,750,23,31,9,610,23,13,4
"192","Randall County, Texas",112903,0.109,"69.3",74.7,43.4,67.3,60.1,9398,1155,1129,646,7020,501,760,388
"193","Reagan County, Texas",3161,0.509,"57.4",57.3,0,0,0,1605,0,0,5,920,0,0,0
"194","Real County, Texas",3182,0.164,"75.1",76,0,0,0,517,6,0,0,393,0,0,0
"195","Red River County, Texas",12091,0.056,"43.6",39.8,100,65.2,42.1,580,8,73,19,231,8,48,8
"196","Reeves County, Texas",12659,0.642,"58.7",58.7,25,78.4,100,8017,32,76,7,4706,8,60,7
"197","Refugio County, Texas",6921,0.274,"73",74.9,80.8,10.3,0,1811,26,55,3,1356,21,6,0
"198","Roberts County, Texas",919,0.039,"88.9",78.9,100,100,0,19,5,12,0,15,5,12,0
"199","Robertson County, Texas",15449,0.163,"60.9",59.8,68.9,97.5,100,2246,106,124,50,1343,73,121,50
"200","Rockwall County, Texas",73219,0.157,"62.5",60.1,54.5,77.1,17,8648,1087,1318,459,5197,592,1016,78
"201","Runnels County, Texas",9814,0.153,"62.4",63.8,25.8,37.5,0,1438,31,29,0,917,8,11,0
"202","Rusk County, Texas",49774,0.126,"67",66.5,63.5,87.5,0,5914,211,149,9,3933,134,130,0
"203","Sabine County, Texas",10176,0.048,"72.7",68.3,0,100,0,419,0,71,0,286,0,71,0
"204","San Augustine County, Texas",8384,0.051,"54.5",48.8,0,78.6,0,338,2,84,0,165,0,66,0
"205","San Jacinto County, Texas",24864,0.078,"49.2",44.9,67.3,100,0,1767,52,124,0,793,35,124,0
"206","San Patricio County, Texas",60589,0.352,"70.1",70,63.6,77.4,0,20649,280,364,29,14454,178,282,0
"207","San Saba County, Texas",5757,0.231,"68.2",66.8,100,100,0,1273,15,40,0,850,15,40,0
"208","Schleicher County, Texas",3064,0.318,"77",77.2,0,0,0,970,0,3,0,749,0,0,0
"209","Scurry County, Texas",15600,0.272,"68.8",68.8,17.6,100,0,4162,34,47,10,2863,6,47,0
"210","Shackelford County, Texas",3168,0.103,"65.5",65,0,100,0,320,0,6,0,208,0,6,0
"211","Shelby County, Texas",23669,0.15,"51.9",50.2,68.4,58,0,3352,76,47,83,1683,52,27,0
"212","Sherman County, Texas",2844,0.341,"59.4",59.6,100,20,0,955,6,11,0,569,6,2,0
"213","Smith County, Texas",194768,0.161,"56.6",54.8,56.7,85.3,37.2,27764,1644,1753,250,15215,932,1495,93
"214","Somervell County, Texas",7928,0.171,"54.3",53.1,100,100,0,1323,14,24,0,703,14,24,0
"215","Starr County, Texas",55162,0.954,"51.6",51.5,94.1,90.5,0,52572,17,55,0,27075,16,50,0
"216","Stephens County, Texas",8950,0.147,"49.1",47.7,75.6,100,0,1263,45,9,0,602,34,9,0
"217","Sterling County, Texas",1139,0.264,"54.2",53.7,0,100,0,298,0,3,0,160,0,3,0
"218","Stonewall County, Texas",1367,0.086,"61.5",62.1,0,94.7,100,87,0,19,11,54,0,18,11
"219","Sutton County, Texas",3821,0.503,"64.6",64.5,0,100,0,1919,0,4,0,1238,0,4,0
"220","Swisher County, Texas",7180,0.281,"66.1",66.1,100,55,0,1964,13,43,0,1298,13,24,0
"221","Tarrant County, Texas",1672138,0.276,"55.2",53.3,50.5,72.1,30.6,351164,52878,38459,19106,187170,26703,27729,5846
"222","Taylor County, Texas",121628,0.145,"68",71.4,32.7,71.6,71.5,14450,1044,1703,459,10317,341,1219,328
"223","Terrell County, Texas",941,0.519,"78.7",81.3,0,52.3,0,444,0,44,0,361,0,23,0
"224","Terry County, Texas",11570,0.377,"61.4",64.1,0,44.6,100,3790,0,555,11,2429,0,248,11
"225","Throckmorton County, Texas",1554,0.057,"31.8",26.8,0,100,0,82,0,3,3,22,0,3,0
"226","Titus County, Texas",29113,0.351,"46.2",45.9,48.2,62.6,0,9910,168,146,3,4549,81,91,0
"227","Tom Green County, Texas",102757,0.245,"71.6",72.1,58.4,65.1,14.6,23320,690,925,158,16814,403,602,23
"228","Travis County, Texas",958478,0.314,"56",52.4,60.4,77.9,26.7,232672,35677,26837,5640,121920,21549,20906,1506
"229","Trinity County, Texas",13642,0.065,"54.7",53.5,80,100,0,854,30,0,0,457,24,0,0
"230","Tyler County, Texas",20560,0.067,"74.6",73.9,0,100,100,1164,43,164,3,860,0,164,3
"231","Upshur County, Texas",36852,0.054,"62.5",53.3,93.1,76.2,21.3,1357,218,258,141,723,203,197,30
"232","Upton County, Texas",3007,0.381,"62.7",62.6,0,100,0,1142,0,3,0,715,0,3,0
"233","Uvalde County, Texas",24430,0.539,"77.6",77.7,51.9,76.1,0,12993,52,122,0,10096,27,93,0
"234","Val Verde County, Texas",44488,0.73,"65.4",65.5,47.6,100,34.3,32193,189,89,35,21086,90,89,12
"235","Van Zandt County, Texas",49383,0.077,"60.7",59.5,43.9,94.3,36.4,3485,107,198,44,2074,47,187,16
"236","Victoria County, Texas",80635,0.249,"73.4",74,48.1,71.4,0.9,18439,588,806,220,13645,283,575,2
"237","Walker County, Texas",64362,0.157,"67.6",66.5,69.7,83.1,20,9190,290,451,175,6111,202,375,35
"238","Waller County, Texas",39802,0.231,"62.1",62,58.9,61.8,0,8704,95,358,40,5396,56,221,0
"239","Ward County, Texas",9922,0.351,"64.3",64.3,0,100,0,3443,13,20,11,2214,0,20,0
"240","Washington County, Texas",31647,0.126,"67.7",65.9,83.2,69.8,0,3097,274,601,3,2041,228,419,0
"241","Webb County, Texas",225234,0.92,"45.2",45.1,65.7,72.6,0,205509,1181,450,39,92685,776,327,0
"242","Wharton County, Texas",38170,0.276,"65.6",65.1,14.5,87.3,86.1,9983,62,458,36,6499,9,400,31
"243","Wheeler County, Texas",5014,0.191,"47.2",44.5,73.5,100,30,883,49,15,10,393,36,15,3
"244","Wichita County, Texas",122121,0.128,"57.5",57.3,49.5,68.7,0,12327,2111,977,183,7063,1045,671,0
"245","Wilbarger County, Texas",12491,0.145,"52.5",51.4,35.8,100,0,1694,53,62,0,871,19,62,0
"246","Willacy County, Texas",20450,0.476,"58.3",58.5,0,78.8,0,9522,98,41,82,5570,0,32,0
"247","Williamson County, Texas",392866,0.202,"67.4",65.8,61.7,78.5,21,56096,10218,11000,1837,36911,6305,8635,386
"248","Wilson County, Texas",40372,0.233,"71.5",72.3,40,66.6,53.8,8813,145,404,13,6372,58,269,7
"249","Winkler County, Texas",6517,0.43,"59.3",59.1,74.1,100,0,2772,27,7,0,1638,20,7,0
"250","Wise County, Texas",55416,0.141,"59.6",59.2,50,73.7,48.8,7455,60,277,43,4413,30,204,21
"251","Wood County, Texas",39751,0.07,"50.9",49.6,44.6,79.3,0,2452,175,119,8,1216,78,94,0
"252","Yoakum County, Texas",7178,0.519,"38.5",38.7,23.5,38.1,0,3543,34,144,0,1371,8,55,0
"253","Young County, Texas",17148,0.123,"41.2",40.8,0,100,100,2035,8,34,23,830,0,34,23
"254","Zapata County, Texas",12432,0.867,"55.6",55.6,0,100,0,10783,0,0,0,5995,0,0,0
"255","Zavala County, Texas",10679,0.771,"59.1",59.1,0,0,0,8232,0,0,0,4865,0,0,0
