"Column Name","Label"
"GEO_ID","Geography"
"NAME","Geographic Area Name"
"B16010_001E","Estimate!!Total:"
"B16010_001M","Margin of Error!!Total:"
"B16010_002E","Estimate!!Total:!!Less than high school graduate:"
"B16010_002M","Margin of Error!!Total:!!Less than high school graduate:"
"B16010_003E","Estimate!!Total:!!Less than high school graduate:!!In labor force:"
"B16010_003M","Margin of Error!!Total:!!Less than high school graduate:!!In labor force:"
"B16010_004E","Estimate!!Total:!!Less than high school graduate:!!In labor force:!!Speak only English"
"B16010_004M","Margin of Error!!Total:!!Less than high school graduate:!!In labor force:!!Speak only English"
"B16010_005E","Estimate!!Total:!!Less than high school graduate:!!In labor force:!!Speak Spanish"
"B16010_005M","Margin of Error!!Total:!!Less than high school graduate:!!In labor force:!!Speak Spanish"
"B16010_006E","Estimate!!Total:!!Less than high school graduate:!!In labor force:!!Speak other Indo-European languages"
"B16010_006M","Margin of Error!!Total:!!Less than high school graduate:!!In labor force:!!Speak other Indo-European languages"
"B16010_007E","Estimate!!Total:!!Less than high school graduate:!!In labor force:!!Speak Asian and Pacific Island languages"
"B16010_007M","Margin of Error!!Total:!!Less than high school graduate:!!In labor force:!!Speak Asian and Pacific Island languages"
"B16010_008E","Estimate!!Total:!!Less than high school graduate:!!In labor force:!!Speak other languages"
"B16010_008M","Margin of Error!!Total:!!Less than high school graduate:!!In labor force:!!Speak other languages"
"B16010_009E","Estimate!!Total:!!Less than high school graduate:!!Not in labor force:"
"B16010_009M","Margin of Error!!Total:!!Less than high school graduate:!!Not in labor force:"
"B16010_010E","Estimate!!Total:!!Less than high school graduate:!!Not in labor force:!!Speak only English"
"B16010_010M","Margin of Error!!Total:!!Less than high school graduate:!!Not in labor force:!!Speak only English"
"B16010_011E","Estimate!!Total:!!Less than high school graduate:!!Not in labor force:!!Speak Spanish"
"B16010_011M","Margin of Error!!Total:!!Less than high school graduate:!!Not in labor force:!!Speak Spanish"
"B16010_012E","Estimate!!Total:!!Less than high school graduate:!!Not in labor force:!!Speak other Indo-European languages"
"B16010_012M","Margin of Error!!Total:!!Less than high school graduate:!!Not in labor force:!!Speak other Indo-European languages"
"B16010_013E","Estimate!!Total:!!Less than high school graduate:!!Not in labor force:!!Speak Asian and Pacific Island languages"
"B16010_013M","Margin of Error!!Total:!!Less than high school graduate:!!Not in labor force:!!Speak Asian and Pacific Island languages"
"B16010_014E","Estimate!!Total:!!Less than high school graduate:!!Not in labor force:!!Speak other languages"
"B16010_014M","Margin of Error!!Total:!!Less than high school graduate:!!Not in labor force:!!Speak other languages"
"B16010_015E","Estimate!!Total:!!High school graduate (includes equivalency):"
"B16010_015M","Margin of Error!!Total:!!High school graduate (includes equivalency):"
"B16010_016E","Estimate!!Total:!!High school graduate (includes equivalency):!!In labor force:"
"B16010_016M","Margin of Error!!Total:!!High school graduate (includes equivalency):!!In labor force:"
"B16010_017E","Estimate!!Total:!!High school graduate (includes equivalency):!!In labor force:!!Speak only English"
"B16010_017M","Margin of Error!!Total:!!High school graduate (includes equivalency):!!In labor force:!!Speak only English"
"B16010_018E","Estimate!!Total:!!High school graduate (includes equivalency):!!In labor force:!!Speak Spanish"
"B16010_018M","Margin of Error!!Total:!!High school graduate (includes equivalency):!!In labor force:!!Speak Spanish"
"B16010_019E","Estimate!!Total:!!High school graduate (includes equivalency):!!In labor force:!!Speak other Indo-European languages"
"B16010_019M","Margin of Error!!Total:!!High school graduate (includes equivalency):!!In labor force:!!Speak other Indo-European languages"
"B16010_020E","Estimate!!Total:!!High school graduate (includes equivalency):!!In labor force:!!Speak Asian and Pacific Island languages"
"B16010_020M","Margin of Error!!Total:!!High school graduate (includes equivalency):!!In labor force:!!Speak Asian and Pacific Island languages"
"B16010_021E","Estimate!!Total:!!High school graduate (includes equivalency):!!In labor force:!!Speak other languages"
"B16010_021M","Margin of Error!!Total:!!High school graduate (includes equivalency):!!In labor force:!!Speak other languages"
"B16010_022E","Estimate!!Total:!!High school graduate (includes equivalency):!!Not in labor force:"
"B16010_022M","Margin of Error!!Total:!!High school graduate (includes equivalency):!!Not in labor force:"
"B16010_023E","Estimate!!Total:!!High school graduate (includes equivalency):!!Not in labor force:!!Speak only English"
"B16010_023M","Margin of Error!!Total:!!High school graduate (includes equivalency):!!Not in labor force:!!Speak only English"
"B16010_024E","Estimate!!Total:!!High school graduate (includes equivalency):!!Not in labor force:!!Speak Spanish"
"B16010_024M","Margin of Error!!Total:!!High school graduate (includes equivalency):!!Not in labor force:!!Speak Spanish"
"B16010_025E","Estimate!!Total:!!High school graduate (includes equivalency):!!Not in labor force:!!Speak other Indo-European languages"
"B16010_025M","Margin of Error!!Total:!!High school graduate (includes equivalency):!!Not in labor force:!!Speak other Indo-European languages"
"B16010_026E","Estimate!!Total:!!High school graduate (includes equivalency):!!Not in labor force:!!Speak Asian and Pacific Island languages"
"B16010_026M","Margin of Error!!Total:!!High school graduate (includes equivalency):!!Not in labor force:!!Speak Asian and Pacific Island languages"
"B16010_027E","Estimate!!Total:!!High school graduate (includes equivalency):!!Not in labor force:!!Speak other languages"
"B16010_027M","Margin of Error!!Total:!!High school graduate (includes equivalency):!!Not in labor force:!!Speak other languages"
"B16010_028E","Estimate!!Total:!!Some college or associate's degree:"
"B16010_028M","Margin of Error!!Total:!!Some college or associate's degree:"
"B16010_029E","Estimate!!Total:!!Some college or associate's degree:!!In labor force:"
"B16010_029M","Margin of Error!!Total:!!Some college or associate's degree:!!In labor force:"
"B16010_030E","Estimate!!Total:!!Some college or associate's degree:!!In labor force:!!Speak only English"
"B16010_030M","Margin of Error!!Total:!!Some college or associate's degree:!!In labor force:!!Speak only English"
"B16010_031E","Estimate!!Total:!!Some college or associate's degree:!!In labor force:!!Speak Spanish"
"B16010_031M","Margin of Error!!Total:!!Some college or associate's degree:!!In labor force:!!Speak Spanish"
"B16010_032E","Estimate!!Total:!!Some college or associate's degree:!!In labor force:!!Speak other Indo-European languages"
"B16010_032M","Margin of Error!!Total:!!Some college or associate's degree:!!In labor force:!!Speak other Indo-European languages"
"B16010_033E","Estimate!!Total:!!Some college or associate's degree:!!In labor force:!!Speak Asian and Pacific Island languages"
"B16010_033M","Margin of Error!!Total:!!Some college or associate's degree:!!In labor force:!!Speak Asian and Pacific Island languages"
"B16010_034E","Estimate!!Total:!!Some college or associate's degree:!!In labor force:!!Speak other languages"
"B16010_034M","Margin of Error!!Total:!!Some college or associate's degree:!!In labor force:!!Speak other languages"
"B16010_035E","Estimate!!Total:!!Some college or associate's degree:!!Not in labor force:"
"B16010_035M","Margin of Error!!Total:!!Some college or associate's degree:!!Not in labor force:"
"B16010_036E","Estimate!!Total:!!Some college or associate's degree:!!Not in labor force:!!Speak only English"
"B16010_036M","Margin of Error!!Total:!!Some college or associate's degree:!!Not in labor force:!!Speak only English"
"B16010_037E","Estimate!!Total:!!Some college or associate's degree:!!Not in labor force:!!Speak Spanish"
"B16010_037M","Margin of Error!!Total:!!Some college or associate's degree:!!Not in labor force:!!Speak Spanish"
"B16010_038E","Estimate!!Total:!!Some college or associate's degree:!!Not in labor force:!!Speak other Indo-European languages"
"B16010_038M","Margin of Error!!Total:!!Some college or associate's degree:!!Not in labor force:!!Speak other Indo-European languages"
"B16010_039E","Estimate!!Total:!!Some college or associate's degree:!!Not in labor force:!!Speak Asian and Pacific Island languages"
"B16010_039M","Margin of Error!!Total:!!Some college or associate's degree:!!Not in labor force:!!Speak Asian and Pacific Island languages"
"B16010_040E","Estimate!!Total:!!Some college or associate's degree:!!Not in labor force:!!Speak other languages"
"B16010_040M","Margin of Error!!Total:!!Some college or associate's degree:!!Not in labor force:!!Speak other languages"
"B16010_041E","Estimate!!Total:!!Bachelor's degree or higher:"
"B16010_041M","Margin of Error!!Total:!!Bachelor's degree or higher:"
"B16010_042E","Estimate!!Total:!!Bachelor's degree or higher:!!In labor force:"
"B16010_042M","Margin of Error!!Total:!!Bachelor's degree or higher:!!In labor force:"
"B16010_043E","Estimate!!Total:!!Bachelor's degree or higher:!!In labor force:!!Speak only English"
"B16010_043M","Margin of Error!!Total:!!Bachelor's degree or higher:!!In labor force:!!Speak only English"
"B16010_044E","Estimate!!Total:!!Bachelor's degree or higher:!!In labor force:!!Speak Spanish"
"B16010_044M","Margin of Error!!Total:!!Bachelor's degree or higher:!!In labor force:!!Speak Spanish"
"B16010_045E","Estimate!!Total:!!Bachelor's degree or higher:!!In labor force:!!Speak other Indo-European languages"
"B16010_045M","Margin of Error!!Total:!!Bachelor's degree or higher:!!In labor force:!!Speak other Indo-European languages"
"B16010_046E","Estimate!!Total:!!Bachelor's degree or higher:!!In labor force:!!Speak Asian and Pacific Island languages"
"B16010_046M","Margin of Error!!Total:!!Bachelor's degree or higher:!!In labor force:!!Speak Asian and Pacific Island languages"
"B16010_047E","Estimate!!Total:!!Bachelor's degree or higher:!!In labor force:!!Speak other languages"
"B16010_047M","Margin of Error!!Total:!!Bachelor's degree or higher:!!In labor force:!!Speak other languages"
"B16010_048E","Estimate!!Total:!!Bachelor's degree or higher:!!Not in labor force:"
"B16010_048M","Margin of Error!!Total:!!Bachelor's degree or higher:!!Not in labor force:"
"B16010_049E","Estimate!!Total:!!Bachelor's degree or higher:!!Not in labor force:!!Speak only English"
"B16010_049M","Margin of Error!!Total:!!Bachelor's degree or higher:!!Not in labor force:!!Speak only English"
"B16010_050E","Estimate!!Total:!!Bachelor's degree or higher:!!Not in labor force:!!Speak Spanish"
"B16010_050M","Margin of Error!!Total:!!Bachelor's degree or higher:!!Not in labor force:!!Speak Spanish"
"B16010_051E","Estimate!!Total:!!Bachelor's degree or higher:!!Not in labor force:!!Speak other Indo-European languages"
"B16010_051M","Margin of Error!!Total:!!Bachelor's degree or higher:!!Not in labor force:!!Speak other Indo-European languages"
"B16010_052E","Estimate!!Total:!!Bachelor's degree or higher:!!Not in labor force:!!Speak Asian and Pacific Island languages"
"B16010_052M","Margin of Error!!Total:!!Bachelor's degree or higher:!!Not in labor force:!!Speak Asian and Pacific Island languages"
"B16010_053E","Estimate!!Total:!!Bachelor's degree or higher:!!Not in labor force:!!Speak other languages"
"B16010_053M","Margin of Error!!Total:!!Bachelor's degree or higher:!!Not in labor force:!!Speak other languages"
